split,idx,lex_pos,lex_neg,polarity_mismatch,polarity_mismatch_dir,irony_prob
within,0,2,0,0,,0.9260323
within,1,1,1,0,,0.60491997
within,2,2,0,0,,0.07142087
within,3,1,0,0,,0.4035237
within,4,1,0,0,,0.066365674
within,5,1,0,0,,0.057367593
within,6,0,0,0,,0.39790183
within,7,1,0,0,,0.65887773
within,8,1,1,0,,0.23259331
within,9,1,2,0,,0.38018224
within,10,3,1,0,,0.840431
within,11,0,0,0,,0.45304754
within,12,2,0,0,,0.59754765
within,13,2,0,0,,0.3642561
within,14,0,0,0,,0.12578028
within,15,0,0,0,,0.07803267
within,16,0,1,1,A_joking_complaint,0.19190152
within,17,0,0,0,,0.7322227
within,18,0,0,0,,0.8258194
within,19,1,0,0,,0.06822185
within,20,3,3,0,,0.12769678
within,21,0,0,0,,0.055821422
within,22,0,0,0,,0.7586096
within,23,1,1,0,,0.07558971
within,24,1,0,0,,0.27467728
within,25,1,0,0,,0.058098156
within,26,2,0,0,,0.14330232
within,27,1,0,0,,0.57330614
within,28,0,0,0,,0.113103665
within,29,1,1,0,,0.048000276
within,30,3,1,0,,0.18754525
within,31,1,1,0,,0.31489688
within,32,0,0,0,,0.14609559
within,33,1,0,0,,0.08681549
within,34,1,0,0,,0.9506482
within,35,1,0,0,,0.4623742
within,36,0,0,0,,0.030301204
within,37,0,1,1,A_joking_complaint,0.054123685
within,38,2,0,0,,0.07179926
within,39,0,0,0,,0.058064036
within,40,0,0,0,,0.08015174
within,41,1,0,0,,0.7740302
within,42,1,1,0,,0.17915136
within,43,1,0,0,,0.0920141
within,44,0,0,0,,0.4192155
within,45,0,0,0,,0.06565223
within,46,2,2,0,,0.7117905
within,47,0,1,1,A_joking_complaint,0.43699723
within,48,1,1,0,,0.6701225
within,49,0,0,0,,0.09783597
within,50,1,0,0,,0.489283
within,51,0,0,0,,0.4459978
within,52,1,0,0,,0.33052856
within,53,1,0,0,,0.1401207
within,54,2,1,0,,0.78621095
within,55,0,2,1,A_joking_complaint,0.7693441
within,56,1,0,0,,0.18639073
within,57,1,0,0,,0.032491118
within,58,4,0,0,,0.123398654
within,59,0,0,0,,0.072404206
within,60,0,0,0,,0.2821453
within,61,1,0,0,,0.7167507
within,62,1,0,0,,0.094018966
within,63,0,0,0,,0.34733555
within,64,0,0,0,,0.51873076
within,65,2,0,0,,0.16891962
within,66,2,0,0,,0.42660615
within,67,0,1,1,A_joking_complaint,0.11913807
within,68,2,0,0,,0.1937576
within,69,0,0,0,,0.12813261
within,70,0,0,0,,0.041841708
within,71,2,2,0,,0.072827786
within,72,2,0,0,,0.4735149
within,73,1,0,0,,0.0932065
within,74,2,1,0,,0.50416416
within,75,1,2,0,,0.5785626
within,76,0,0,0,,0.8254083
within,77,1,0,0,,0.8462683
within,78,1,0,0,,0.3233223
within,79,0,0,0,,0.32809737
within,80,1,0,0,,0.096268065
within,81,0,0,0,,0.3539774
within,82,1,0,0,,0.1837011
within,83,0,0,0,,0.8844247
within,84,1,0,0,,0.35372436
within,85,0,2,1,A_joking_complaint,0.67376894
within,86,1,0,0,,0.81677115
within,87,1,0,0,,0.26822242
within,88,0,0,0,,0.061749883
within,89,2,0,0,,0.043104775
within,90,0,0,0,,0.03531959
within,91,2,0,0,,0.07816027
within,92,1,0,0,,0.11045058
within,93,2,0,0,,0.042679574
within,94,0,0,0,,0.8052751
within,95,0,0,0,,0.15816155
within,96,0,2,1,A_joking_complaint,0.37424585
within,97,0,0,0,,0.48521304
within,98,0,0,0,,0.10311377
within,99,1,0,0,,0.19811054
within,100,0,1,1,A_joking_complaint,0.8937028
within,101,2,0,0,,0.12085698
within,102,0,0,0,,0.56523407
within,103,0,1,1,A_joking_complaint,0.034519244
within,104,3,0,0,,0.10489297
within,105,2,1,0,,0.28261545
within,106,0,0,0,,0.055068865
within,107,1,1,0,,0.14907913
within,108,1,2,0,,0.057121515
within,109,2,0,0,,0.6606793
within,110,0,1,1,A_joking_complaint,0.44790807
within,111,3,1,0,,0.04446533
within,112,1,1,0,,0.034507092
within,113,3,0,0,,0.82245964
within,114,1,0,0,,0.6009776
within,115,0,0,0,,0.38131425
within,116,3,0,0,,0.07682964
within,117,2,0,0,,0.7613727
within,118,1,1,0,,0.14180997
within,119,0,0,0,,0.05258012
within,120,0,0,0,,0.6313471
within,121,0,0,0,,0.048315093
within,122,1,0,0,,0.09343355
within,123,1,0,0,,0.8763346
within,124,2,0,0,,0.28275824
within,125,1,0,0,,0.13362706
within,126,1,1,0,,0.23293276
within,127,1,0,0,,0.13938932
within,128,3,0,0,,0.32118762
within,129,0,0,0,,0.033531442
within,130,2,0,0,,0.06539871
within,131,0,0,0,,0.1502466
within,132,1,0,0,,0.95549196
within,133,0,0,0,,0.10863369
within,134,1,0,0,,0.9714751
within,135,3,0,0,,0.049883425
within,136,0,0,0,,0.4089168
within,137,1,0,0,,0.030562187
within,138,0,0,0,,0.06372943
within,139,2,1,0,,0.33434972
within,140,4,0,0,,0.048526417
within,141,1,0,0,,0.69914633
within,142,0,1,1,A_joking_complaint,0.30914524
within,143,4,0,0,,0.19068712
within,144,1,0,0,,0.17976777
within,145,0,0,0,,0.17801516
within,146,2,0,0,,0.91013974
within,147,1,0,0,,0.9374572
within,148,1,1,0,,0.38769048
within,149,1,0,0,,0.40691632
within,150,1,0,0,,0.13641496
within,151,1,1,0,,0.7272089
within,152,1,1,0,,0.13714646
within,153,4,1,0,,0.10659946
within,154,0,0,0,,0.10674797
within,155,2,0,0,,0.45780098
within,156,3,0,0,,0.70434153
within,157,1,0,0,,0.23872459
within,158,1,0,0,,0.92142814
within,159,2,0,0,,0.9274621
within,160,1,0,0,,0.054119267
within,161,2,0,0,,0.38792104
within,162,1,0,0,,0.13069145
within,163,0,0,0,,0.10075457
within,164,0,0,0,,0.077060506
within,165,1,0,0,,0.960103
within,166,1,0,0,,0.035056427
within,167,0,0,0,,0.05528636
within,168,1,0,0,,0.9789797
within,169,2,0,0,,0.100065194
within,170,0,0,0,,0.2949649
within,171,1,0,0,,0.20620613
within,172,2,0,0,,0.32384002
within,173,0,1,1,A_joking_complaint,0.19803452
within,174,0,0,0,,0.5988345
within,175,0,0,0,,0.35536328
within,176,3,0,0,,0.6412056
within,177,1,0,0,,0.75679296
within,178,0,0,0,,0.078862466
within,179,2,0,0,,0.07585842
within,180,2,0,0,,0.1551056
within,181,0,0,0,,0.13125508
within,182,3,2,0,,0.04209768
within,183,0,0,0,,0.28142053
within,184,0,0,0,,0.119272605
within,185,4,0,0,,0.4615225
within,186,4,0,0,,0.12967642
within,187,0,0,0,,0.05422605
within,188,1,0,0,,0.69419134
within,189,2,0,0,,0.07896607
within,190,1,1,0,,0.16312017
within,191,2,0,0,,0.4725131
within,192,0,0,0,,0.09369605
within,193,0,0,0,,0.17667994
within,194,0,0,0,,0.08832272
within,195,1,0,0,,0.5737462
within,196,0,0,0,,0.22294538
within,197,0,0,0,,0.15683624
within,198,1,0,0,,0.30158144
within,199,0,1,1,A_joking_complaint,0.057892125
within,200,0,0,0,,0.061837584
within,201,2,0,0,,0.027766168
within,202,1,0,0,,0.23748992
within,203,0,0,0,,0.06161438
within,204,1,0,0,,0.08049361
within,205,0,1,1,A_joking_complaint,0.24855845
within,206,1,0,0,,0.2617375
within,207,4,0,0,,0.038680837
within,208,1,0,0,,0.866511
within,209,2,0,0,,0.6513128
within,210,2,2,0,,0.84010684
within,211,1,0,0,,0.06982757
within,212,0,3,1,A_joking_complaint,0.33355033
within,213,0,1,1,A_joking_complaint,0.82827383
within,214,1,1,0,,0.07147041
within,215,3,0,0,,0.49635056
within,216,0,1,1,A_joking_complaint,0.3964675
within,217,0,0,0,,0.95710075
within,218,0,0,0,,0.14857787
within,219,0,0,0,,0.7361742
within,220,1,0,0,,0.5141362
within,221,2,1,0,,0.9791403
within,222,0,0,0,,0.71099085
within,223,4,1,0,,0.52425
within,224,1,4,0,,0.47954834
within,225,2,0,0,,0.058309358
within,226,2,0,0,,0.85702074
within,227,0,0,0,,0.0488728
within,228,0,0,0,,0.22204128
within,229,0,2,1,A_joking_complaint,0.47144008
within,230,0,0,0,,0.16671336
within,231,0,0,0,,0.3275816
within,232,2,0,0,,0.46178657
within,233,3,0,0,,0.76392525
within,234,1,0,0,,0.019103693
within,235,0,0,0,,0.063746996
within,236,1,0,0,,0.06950884
within,237,2,0,0,,0.8326951
within,238,0,0,0,,0.3532605
within,239,1,0,0,,0.18090883
within,240,0,0,0,,0.38621965
within,241,0,0,0,,0.111948006
within,242,3,0,0,,0.4260231
within,243,2,0,0,,0.31333426
within,244,1,0,0,,0.5271702
within,245,2,0,0,,0.8762908
within,246,1,0,0,,0.87384176
within,247,0,1,1,A_joking_complaint,0.13497402
within,248,1,2,0,,0.17687096
within,249,2,2,0,,0.063940704
within,250,0,0,0,,0.055149514
within,251,1,0,0,,0.2518066
within,252,0,0,0,,0.056603067
within,253,2,0,0,,0.37619162
within,254,1,2,0,,0.4844311
within,255,0,0,0,,0.24326254
within,256,0,0,0,,0.7771691
within,257,2,0,0,,0.22732782
within,258,0,0,0,,0.054537203
within,259,0,1,1,A_joking_complaint,0.024997877
within,260,1,0,0,,0.23755386
within,261,0,0,0,,0.03394786
within,262,2,0,0,,0.09607069
within,263,2,0,0,,0.85160786
within,264,0,1,1,A_joking_complaint,0.31079292
within,265,0,2,1,A_joking_complaint,0.30605328
within,266,0,0,0,,0.2789354
within,267,0,0,0,,0.07047072
within,268,1,0,0,,0.5791893
within,269,1,1,0,,0.06679385
within,270,1,0,0,,0.7428368
within,271,1,1,0,,0.36164883
within,272,0,0,0,,0.06232886
within,273,0,0,0,,0.6647722
within,274,3,0,0,,0.09337755
within,275,0,1,1,A_joking_complaint,0.25451037
within,276,0,0,0,,0.7981809
within,277,1,0,0,,0.27483097
within,278,2,0,0,,0.54596466
within,279,1,0,0,,0.8873051
within,280,1,0,0,,0.6067019
within,281,1,1,0,,0.08785335
within,282,3,0,0,,0.04451589
within,283,2,0,0,,0.25731215
within,284,1,0,0,,0.9855172
within,285,0,0,0,,0.61957085
within,286,0,0,0,,0.08576399
within,287,2,1,0,,0.39237523
within,288,2,0,0,,0.057900365
within,289,0,0,0,,0.040850002
within,290,1,0,0,,0.032672968
within,291,1,1,0,,0.7393872
within,292,0,0,0,,0.15678036
within,293,0,1,1,A_joking_complaint,0.2482048
within,294,1,0,0,,0.20468487
within,295,0,0,0,,0.1439878
within,296,1,0,0,,0.5650212
within,297,2,0,0,,0.65932924
within,298,0,0,0,,0.2868548
within,299,2,0,0,,0.71641314
within,300,1,0,0,,0.9762132
within,301,1,0,0,,0.028977457
within,302,0,0,0,,0.08811257
within,303,0,0,0,,0.056125898
within,304,1,0,0,,0.0685562
within,305,0,2,1,A_joking_complaint,0.060105246
within,306,0,0,0,,0.21903573
within,307,2,0,0,,0.5547212
within,308,0,0,0,,0.73497784
within,309,0,0,0,,0.64847803
within,310,2,0,0,,0.19171289
within,311,0,1,1,A_joking_complaint,0.093922004
within,312,0,0,0,,0.39538333
within,313,0,0,0,,0.12003659
within,314,3,0,0,,0.10459841
within,315,2,0,0,,0.7040576
within,316,1,0,0,,0.23551033
within,317,0,0,0,,0.10104263
within,318,0,1,1,A_joking_complaint,0.31795686
within,319,2,0,0,,0.19182292
within,320,3,0,0,,0.97910666
within,321,1,3,0,,0.09595268
within,322,1,0,0,,0.72914755
within,323,0,0,0,,0.08071239
within,324,0,0,0,,0.0442565
within,325,1,2,0,,0.10471762
within,326,1,0,0,,0.08437043
within,327,1,0,0,,0.69165444
within,328,2,0,0,,0.94809103
within,329,1,1,0,,0.40263206
within,330,0,1,1,A_joking_complaint,0.2609782
within,331,2,0,0,,0.67074144
within,332,0,0,0,,0.8480574
within,333,1,1,0,,0.048981838
within,334,1,0,0,,0.97766906
within,335,1,1,0,,0.24475884
within,336,0,0,0,,0.9011593
within,337,1,0,0,,0.9926238
within,338,0,1,1,A_joking_complaint,0.39870596
within,339,1,0,0,,0.63475716
within,340,3,0,0,,0.35938022
within,341,1,1,0,,0.46291777
within,342,1,0,0,,0.085098185
within,343,0,0,0,,0.57934576
within,344,1,0,0,,0.48791847
within,345,0,0,0,,0.3468887
within,346,1,0,0,,0.41220182
within,347,0,0,0,,0.54814565
within,348,0,2,1,A_joking_complaint,0.46239915
within,349,0,0,0,,0.7713938
within,350,3,0,0,,0.040451705
within,351,1,0,0,,0.09884395
within,352,0,0,0,,0.28214738
within,353,1,1,0,,0.6139234
within,354,1,0,0,,0.93085164
within,355,1,0,0,,0.29874617
within,356,1,0,0,,0.63270265
within,357,0,1,1,A_joking_complaint,0.6550771
within,358,3,0,0,,0.07809126
within,359,2,0,0,,0.51823354
within,360,0,0,0,,0.13508272
within,361,5,0,0,,0.08411464
within,362,1,2,0,,0.91915756
within,363,0,0,0,,0.023132063
within,364,1,0,0,,0.8553817
within,365,1,1,0,,0.45619085
within,366,2,0,0,,0.06030628
within,367,0,0,0,,0.032853372
within,368,1,2,0,,0.09940756
within,369,3,0,0,,0.03832566
within,370,0,1,1,A_joking_complaint,0.04181585
within,371,0,0,0,,0.16483352
within,372,4,0,0,,0.08520198
within,373,0,0,0,,0.26707926
within,374,0,1,1,A_joking_complaint,0.11239166
within,375,0,1,1,A_joking_complaint,0.18902177
within,376,0,0,0,,0.53227586
within,377,0,0,0,,0.12235453
within,378,0,1,1,A_joking_complaint,0.4309672
within,379,1,0,0,,0.17809
within,380,1,0,0,,0.060170617
within,381,3,0,0,,0.1004172
within,382,0,0,0,,0.10738889
within,383,2,0,0,,0.5252761
within,384,0,0,0,,0.068808086
within,385,0,0,0,,0.19574142
within,386,1,0,0,,0.9027346
within,387,1,0,0,,0.23909627
within,388,0,0,0,,0.6730908
within,389,0,0,0,,0.6714035
within,390,1,0,0,,0.89207315
within,391,1,0,0,,0.1983064
within,392,0,0,0,,0.58290964
within,393,1,0,0,,0.16245864
within,394,1,0,0,,0.93563056
within,395,0,0,0,,0.17493877
within,396,0,0,0,,0.85647
within,397,3,0,0,,0.46370962
within,398,2,1,0,,0.8929576
within,399,0,1,1,A_joking_complaint,0.13162734
within,400,1,0,0,,0.084310785
within,401,4,0,0,,0.06480501
within,402,1,0,0,,0.041046537
within,403,0,0,0,,0.058337588
within,404,1,0,0,,0.1260435
within,405,1,0,0,,0.067702875
within,406,0,0,0,,0.18792368
within,407,0,0,0,,0.44748864
within,408,0,0,0,,0.28049597
within,409,1,0,0,,0.95661527
within,410,0,0,0,,0.16366498
within,411,0,0,0,,0.56857663
within,412,2,1,0,,0.7973563
within,413,3,0,0,,0.5908465
within,414,0,0,0,,0.14197798
within,415,0,1,1,A_joking_complaint,0.030111125
within,416,2,1,0,,0.06797114
within,417,1,0,0,,0.5906071
within,418,0,1,1,A_joking_complaint,0.9044488
within,419,3,0,0,,0.9635639
within,420,2,0,0,,0.058063906
within,421,1,0,0,,0.9455719
within,422,1,0,0,,0.89443946
within,423,2,0,0,,0.0674504
within,424,0,0,0,,0.05903142
within,425,0,0,0,,0.035045836
within,426,1,0,0,,0.48331672
within,427,1,0,0,,0.8462875
within,428,1,1,0,,0.7688344
within,429,1,1,0,,0.07935336
within,430,1,1,0,,0.09967122
within,431,1,1,0,,0.824919
within,432,2,0,0,,0.11753979
within,433,0,0,0,,0.049681712
within,434,1,1,0,,0.049212713
within,435,3,1,0,,0.43630448
within,436,0,0,0,,0.15057303
within,437,1,1,0,,0.9451155
within,438,2,1,0,,0.9193781
within,439,1,0,0,,0.07388852
within,440,1,2,0,,0.81838566
within,441,1,0,0,,0.509993
within,442,1,0,0,,0.43794075
within,443,1,0,0,,0.056375146
within,444,0,1,1,A_joking_complaint,0.5791432
within,445,0,0,0,,0.14921042
within,446,0,1,1,A_joking_complaint,0.7274124
within,447,0,0,0,,0.10680821
within,448,3,0,0,,0.1812604
within,449,0,0,0,,0.053055674
within,450,0,0,0,,0.78429323
within,451,0,1,1,A_joking_complaint,0.58244
within,452,1,1,0,,0.43762508
within,453,2,0,0,,0.98322934
within,454,0,0,0,,0.16969171
within,455,0,2,0,,0.7059715
within,456,0,1,0,,0.22764257
within,457,0,1,0,,0.1675232
within,458,1,0,1,B_sarcasm,0.37053514
within,459,0,2,0,,0.16616742
within,460,0,1,0,,0.4268012
within,461,0,1,0,,0.13611571
within,462,0,3,0,,0.7245166
within,463,0,1,0,,0.0371263
within,464,1,0,1,B_sarcasm,0.3047544
within,465,0,1,0,,0.8715483
within,466,0,1,0,,0.06536213
within,467,2,0,1,B_sarcasm,0.33862787
within,468,0,2,0,,0.3113906
within,469,1,0,1,B_sarcasm,0.092791714
within,470,0,1,0,,0.60871845
within,471,0,1,0,,0.029624088
within,472,1,1,0,,0.14569655
within,473,0,0,0,,0.6428586
within,474,0,0,0,,0.20499104
within,475,1,0,1,B_sarcasm,0.12646094
within,476,1,2,0,,0.08762835
within,477,1,1,0,,0.43310735
within,478,1,0,1,B_sarcasm,0.08152153
within,479,1,0,1,B_sarcasm,0.16165821
within,480,0,0,0,,0.921885
within,481,0,1,0,,0.22262065
within,482,0,0,0,,0.11457255
within,483,0,0,0,,0.065661795
within,484,0,1,0,,0.05226762
within,485,1,0,1,B_sarcasm,0.044511627
within,486,3,0,1,B_sarcasm,0.083338715
within,487,0,0,0,,0.21757412
within,488,0,1,0,,0.23416647
within,489,0,0,0,,0.028926345
within,490,0,1,0,,0.26662627
within,491,1,0,1,B_sarcasm,0.08971791
within,492,1,1,0,,0.08054204
within,493,0,1,0,,0.24392553
within,494,0,1,0,,0.4770163
within,495,0,1,0,,0.19172148
within,496,0,1,0,,0.30120906
within,497,0,0,0,,0.07930525
within,498,1,1,0,,0.09182738
within,499,0,1,0,,0.3994187
within,500,1,1,0,,0.34940556
within,501,0,2,0,,0.056122918
within,502,0,1,0,,0.07121335
within,503,1,1,0,,0.0915941
within,504,1,1,0,,0.7151679
within,505,0,0,0,,0.57710916
within,506,0,0,0,,0.09891058
within,507,0,0,0,,0.13810295
within,508,0,0,0,,0.50300187
within,509,1,2,0,,0.24078147
within,510,0,0,0,,0.04858298
within,511,0,5,0,,0.39707622
within,512,0,0,0,,0.05081631
within,513,1,1,0,,0.32441002
within,514,1,1,0,,0.2090954
within,515,0,0,0,,0.084743455
within,516,0,0,0,,0.84661406
within,517,0,0,0,,0.4616547
within,518,0,0,0,,0.051001996
within,519,0,3,0,,0.07331321
within,520,0,1,0,,0.05335078
within,521,0,1,0,,0.08660582
within,522,1,1,0,,0.087340765
within,523,1,0,1,B_sarcasm,0.55811024
within,524,1,0,1,B_sarcasm,0.5801581
within,525,0,1,0,,0.44882417
within,526,0,0,0,,0.23377088
within,527,0,1,0,,0.16073763
within,528,1,0,1,B_sarcasm,0.05977014
within,529,0,1,0,,0.37595502
within,530,1,1,0,,0.06511938
within,531,2,2,0,,0.47159263
within,532,1,1,0,,0.034036018
within,533,1,1,0,,0.25196728
within,534,1,2,0,,0.06564255
within,535,0,0,0,,0.030685768
within,536,0,0,0,,0.19069172
within,537,0,1,0,,0.88998896
within,538,0,1,0,,0.13467035
within,539,0,0,0,,0.13800335
within,540,0,1,0,,0.3070048
within,541,0,0,0,,0.7076115
within,542,2,1,0,,0.98372114
within,543,1,0,1,B_sarcasm,0.8114234
within,544,1,0,1,B_sarcasm,0.14041407
within,545,0,1,0,,0.3206894
within,546,1,2,0,,0.07447336
within,547,1,0,1,B_sarcasm,0.45813864
within,548,0,1,0,,0.9686632
within,549,0,1,0,,0.60590523
within,550,1,4,0,,0.5606311
within,551,0,2,0,,0.06524883
within,552,2,0,1,B_sarcasm,0.38522753
within,553,0,0,0,,0.32087162
within,554,2,0,1,B_sarcasm,0.7445342
within,555,0,1,0,,0.73391664
within,556,0,1,0,,0.20539123
within,557,1,0,1,B_sarcasm,0.13451442
within,558,1,1,0,,0.73792845
within,559,0,0,0,,0.36891004
within,560,1,2,0,,0.22267935
within,561,1,1,0,,0.2008859
within,562,1,0,1,B_sarcasm,0.03623059
within,563,0,0,0,,0.35157013
within,564,0,0,0,,0.37584585
within,565,0,1,0,,0.10861733
within,566,1,0,1,B_sarcasm,0.049174402
within,567,0,3,0,,0.2293465
within,568,1,1,0,,0.028985664
within,569,0,2,0,,0.6485116
within,570,3,1,0,,0.04236919
within,571,1,1,0,,0.23427801
within,572,1,2,0,,0.13524683
within,573,0,1,0,,0.08542217
within,574,1,1,0,,0.7905086
within,575,0,0,0,,0.15166754
within,576,0,3,0,,0.05161294
within,577,0,0,0,,0.06868964
within,578,0,0,0,,0.13013402
within,579,1,0,1,B_sarcasm,0.05080039
within,580,0,0,0,,0.02293558
within,581,0,0,0,,0.4428429
within,582,0,2,0,,0.4604429
within,583,1,1,0,,0.19195136
within,584,0,1,0,,0.39654118
within,585,1,2,0,,0.9483173
within,586,0,2,0,,0.7042361
within,587,1,1,0,,0.38299006
within,588,0,3,0,,0.8001721
within,589,0,1,0,,0.1435363
within,590,0,1,0,,0.21902598
within,591,1,1,0,,0.2706231
within,592,0,0,0,,0.9377926
within,593,1,1,0,,0.69729877
within,594,0,3,0,,0.032074545
within,595,0,1,0,,0.05023833
within,596,1,1,0,,0.027745966
within,597,0,0,0,,0.5489403
within,598,0,0,0,,0.3049414
within,599,0,1,0,,0.12269245
within,600,0,0,0,,0.2739885
within,601,0,1,0,,0.11473508
within,602,0,2,0,,0.37734893
within,603,0,0,0,,0.060477648
within,604,0,0,0,,0.4869039
within,605,0,1,0,,0.13042265
within,606,0,3,0,,0.0391513
within,607,0,0,0,,0.5364434
within,608,0,0,0,,0.094818674
within,609,0,1,0,,0.09002579
within,610,1,1,0,,0.22807966
within,611,1,1,0,,0.09788091
within,612,0,0,0,,0.38104331
within,613,0,1,0,,0.06366225
within,614,0,1,0,,0.048588917
within,615,1,1,0,,0.08447464
within,616,2,3,0,,0.23657264
within,617,0,2,0,,0.04133573
within,618,0,3,0,,0.81799316
within,619,0,2,0,,0.43629232
within,620,0,3,0,,0.5273562
within,621,1,1,0,,0.2609986
within,622,1,1,0,,0.6839332
within,623,0,1,0,,0.32560804
within,624,1,1,0,,0.5470335
within,625,0,1,0,,0.37554473
within,626,0,2,0,,0.9357636
within,627,1,1,0,,0.69779587
within,628,1,1,0,,0.49434417
within,629,2,2,0,,0.029442905
within,630,1,1,0,,0.39672667
within,631,1,0,1,B_sarcasm,0.27545297
within,632,1,0,1,B_sarcasm,0.7175175
within,633,0,0,0,,0.39171994
within,634,1,1,0,,0.09303456
within,635,0,0,0,,0.2311603
within,636,1,1,0,,0.14749478
within,637,1,1,0,,0.19292314
within,638,0,0,0,,0.07217814
within,639,1,0,1,B_sarcasm,0.5676831
within,640,0,1,0,,0.073568106
within,641,0,1,0,,0.372075
within,642,0,0,0,,0.09656665
within,643,0,1,0,,0.12653315
within,644,4,0,1,B_sarcasm,0.09199953
within,645,0,0,0,,0.23284715
within,646,2,1,0,,0.15172337
within,647,0,0,0,,0.5749635
within,648,0,0,0,,0.08699676
within,649,0,0,0,,0.39446914
within,650,0,1,0,,0.042021908
within,651,0,0,0,,0.17159818
within,652,0,0,0,,0.101463564
within,653,1,1,0,,0.52809757
within,654,0,1,0,,0.43948168
within,655,1,1,0,,0.2196618
within,656,0,2,0,,0.72568905
within,657,0,0,0,,0.0969993
within,658,0,0,0,,0.069580875
within,659,0,1,0,,0.529156
within,660,1,1,0,,0.71964043
within,661,0,2,0,,0.18087171
within,662,3,1,0,,0.22792473
within,663,2,0,1,B_sarcasm,0.069955334
within,664,0,1,0,,0.21330187
within,665,1,1,0,,0.647544
within,666,0,0,0,,0.83539677
within,667,0,1,0,,0.38148552
within,668,0,1,0,,0.8709951
within,669,0,3,0,,0.22547334
within,670,0,0,0,,0.36955443
within,671,0,2,0,,0.35070106
within,672,2,0,1,B_sarcasm,0.4122516
within,673,1,1,0,,0.16426027
within,674,1,2,0,,0.3876676
within,675,0,0,0,,0.20465913
within,676,0,1,0,,0.09378884
within,677,1,0,1,B_sarcasm,0.05898923
within,678,0,1,0,,0.23607305
within,679,0,3,0,,0.13657056
within,680,0,2,0,,0.019272799
within,681,0,0,0,,0.04979121
within,682,0,1,0,,0.39811042
within,683,0,0,0,,0.118788645
within,684,1,0,1,B_sarcasm,0.7375363
within,685,1,3,0,,0.3154757
within,686,0,4,0,,0.1034265
within,687,0,0,0,,0.19805591
within,688,1,1,0,,0.0580687
within,689,0,1,0,,0.9400572
within,690,0,0,0,,0.12464658
within,691,0,0,0,,0.030098457
within,692,2,0,1,B_sarcasm,0.1976369
within,693,0,1,0,,0.100671895
within,694,0,1,0,,0.085990585
within,695,0,2,0,,0.9144042
within,696,1,1,0,,0.13125186
within,697,0,1,0,,0.7028477
within,698,0,2,0,,0.051886596
within,699,0,1,0,,0.080802485
within,700,0,0,0,,0.2737657
within,701,0,3,0,,0.14249073
within,702,0,3,0,,0.12477641
within,703,1,0,1,B_sarcasm,0.030721614
within,704,0,1,0,,0.05265602
within,705,0,1,0,,0.062443078
within,706,0,0,0,,0.041613307
within,707,0,2,0,,0.5287325
within,708,1,1,0,,0.04909636
within,709,0,0,0,,0.5862247
within,710,0,3,0,,0.5367471
within,711,0,1,0,,0.047732532
within,712,0,1,0,,0.4403756
within,713,0,0,0,,0.06655151
within,714,0,1,0,,0.6174236
within,715,1,1,0,,0.09681332
within,716,0,0,0,,0.23781632
within,717,0,0,0,,0.21841301
within,718,0,0,0,,0.22563216
within,719,1,0,1,B_sarcasm,0.2402866
within,720,0,1,0,,0.38393435
within,721,1,0,1,B_sarcasm,0.16805924
within,722,0,1,0,,0.2781096
within,723,1,0,1,B_sarcasm,0.34357664
within,724,0,0,0,,0.5289751
within,725,1,0,1,B_sarcasm,0.41825494
within,726,0,1,0,,0.422337
within,727,1,4,0,,0.3301434
within,728,1,0,1,B_sarcasm,0.3746266
within,729,0,0,0,,0.09264503
within,730,0,1,0,,0.74591655
within,731,0,0,0,,0.16201381
within,732,1,0,1,B_sarcasm,0.33904183
within,733,1,1,0,,0.632937
within,734,0,0,0,,0.26295894
within,735,1,1,0,,0.89639616
within,736,0,2,0,,0.080935605
within,737,0,0,0,,0.45858917
within,738,1,2,0,,0.4256521
within,739,1,0,1,B_sarcasm,0.618849
within,740,0,0,0,,0.038161553
within,741,0,1,0,,0.07349986
within,742,0,1,0,,0.07237129
within,743,1,1,0,,0.8374844
within,744,0,1,0,,0.39796638
within,745,0,2,0,,0.03288401
within,746,1,0,1,B_sarcasm,0.55490714
within,747,0,1,0,,0.38308403
within,748,0,1,0,,0.03342267
within,749,0,1,0,,0.079326
within,750,1,3,0,,0.033663645
within,751,1,0,1,B_sarcasm,0.90643126
within,752,0,1,0,,0.36174896
within,753,1,2,0,,0.7069287
within,754,0,0,0,,0.6939416
within,755,0,0,0,,0.07430179
within,756,0,0,0,,0.073732436
within,757,1,2,0,,0.29400128
within,758,0,0,0,,0.41709083
within,759,0,1,0,,0.21579632
within,760,0,2,0,,0.07560856
within,761,0,0,0,,0.6172768
within,762,0,1,0,,0.2758255
within,763,0,1,0,,0.13613999
within,764,0,0,0,,0.7702213
within,765,0,2,0,,0.12781647
within,766,1,0,1,B_sarcasm,0.30719703
within,767,0,1,0,,0.62353987
within,768,0,0,0,,0.1325251
within,769,0,1,0,,0.08335448
within,770,1,2,0,,0.057785846
within,771,0,0,0,,0.21007301
within,772,0,0,0,,0.8600443
within,773,0,1,0,,0.72962135
within,774,0,0,0,,0.6256215
within,775,0,1,0,,0.44177088
within,776,1,1,0,,0.2598372
within,777,0,2,0,,0.9654993
within,778,1,0,1,B_sarcasm,0.43384248
within,779,0,0,0,,0.0412528
within,780,1,1,0,,0.6459329
within,781,0,1,0,,0.82128876
within,782,2,0,1,B_sarcasm,0.52246696
within,783,0,1,0,,0.03468503
within,784,0,1,0,,0.37522945
within,785,0,1,0,,0.09621845
within,786,0,1,0,,0.13127896
within,787,0,1,0,,0.20707554
within,788,1,0,1,B_sarcasm,0.74385846
within,789,0,0,0,,0.27458465
within,790,0,0,0,,0.05863166
within,791,0,0,0,,0.15103564
within,792,0,1,0,,0.12083959
within,793,0,1,0,,0.6226587
within,794,1,2,0,,0.1321429
within,795,0,3,0,,0.47379315
within,796,0,2,0,,0.21744634
within,797,2,1,0,,0.16272442
within,798,0,0,0,,0.11697435
within,799,0,2,0,,0.23425713
within,800,1,0,1,B_sarcasm,0.04898879
within,801,0,0,0,,0.06943829
within,802,0,2,0,,0.13820598
within,803,0,1,0,,0.11428599
within,804,0,0,0,,0.028902713
within,805,1,0,1,B_sarcasm,0.1325854
within,806,0,0,0,,0.08570137
within,807,0,2,0,,0.13308275
within,808,0,2,0,,0.30376545
within,809,0,2,0,,0.18741019
within,810,1,0,1,B_sarcasm,0.11998898
within,811,0,1,0,,0.92077637
within,812,0,0,0,,0.8327729
within,813,0,0,0,,0.07002783
within,814,0,0,0,,0.18379448
within,815,1,3,0,,0.7496532
within,816,0,0,0,,0.2208456
within,817,0,1,0,,0.34554034
within,818,0,1,0,,0.116297044
within,819,0,1,0,,0.5721079
within,820,0,0,0,,0.2746096
within,821,1,3,0,,0.39453343
within,822,0,1,0,,0.33037046
within,823,0,2,0,,0.07753003
within,824,0,3,0,,0.08806929
within,825,1,2,0,,0.24832757
within,826,1,0,1,B_sarcasm,0.11721565
within,827,1,1,0,,0.6890062
within,828,2,0,1,B_sarcasm,0.7719222
within,829,0,1,0,,0.35664973
within,830,2,1,0,,0.791455
within,831,0,1,0,,0.23291235
within,832,0,1,0,,0.20844042
within,833,0,0,0,,0.022206264
within,834,0,3,0,,0.19155076
within,835,1,2,0,,0.6750804
within,836,1,0,1,B_sarcasm,0.11516701
within,837,0,0,0,,0.06534995
within,838,0,3,0,,0.091840655
within,839,2,1,0,,0.0539691
within,840,1,1,0,,0.27516547
within,841,0,3,0,,0.3696511
within,842,1,2,0,,0.719398
within,843,0,0,0,,0.3066859
within,844,0,1,0,,0.090269335
within,845,1,0,1,B_sarcasm,0.16794503
within,846,1,1,0,,0.4890465
within,847,0,2,0,,0.50166947
within,848,0,1,0,,0.547545
within,849,0,1,0,,0.35928798
within,850,0,0,0,,0.35247082
within,851,0,3,0,,0.032703858
within,852,1,2,0,,0.93229204
within,853,1,1,0,,0.14039692
within,854,0,1,0,,0.10698336
within,855,0,1,0,,0.08997067
within,856,0,1,0,,0.30980095
within,857,0,0,0,,0.52884036
within,858,1,0,1,B_sarcasm,0.22322321
within,859,0,0,0,,0.5894526
within,860,1,0,1,B_sarcasm,0.11084218
within,861,0,2,0,,0.22103016
within,862,1,2,0,,0.21364142
within,863,1,1,0,,0.5619989
within,864,0,1,0,,0.32190308
within,865,0,1,0,,0.51839215
within,866,0,3,0,,0.8326832
within,867,1,1,0,,0.15572798
within,868,0,1,0,,0.35361466
within,869,1,1,0,,0.23419502
within,870,2,0,1,B_sarcasm,0.91458976
within,871,0,0,0,,0.053470474
within,872,1,2,0,,0.07646999
within,873,1,0,1,B_sarcasm,0.07539722
within,874,0,1,0,,0.06682193
within,875,0,1,0,,0.38103145
within,876,0,1,0,,0.045758743
within,877,0,2,0,,0.5470314
within,878,1,3,0,,0.41630152
within,879,2,5,0,,0.047962967
within,880,1,0,1,B_sarcasm,0.92484266
within,881,0,1,0,,0.088436306
within,882,0,1,0,,0.92658526
within,883,2,0,1,B_sarcasm,0.37196591
within,884,0,2,0,,0.60870457
within,885,0,2,0,,0.05068423
within,886,0,0,0,,0.14689146
within,887,1,0,1,B_sarcasm,0.14727278
within,888,0,0,0,,0.32027277
within,889,0,1,0,,0.74760926
within,890,0,1,0,,0.7557595
within,891,0,1,0,,0.84748447
within,892,0,1,0,,0.040202655
within,893,0,1,0,,0.13607271
within,894,2,2,0,,0.0672469
within,895,0,1,0,,0.090484604
within,896,0,2,0,,0.7088237
within,897,1,1,0,,0.76801693
within,898,0,1,0,,0.1704801
within,899,0,0,0,,0.31060284
within,900,0,0,0,,0.073233135
within,901,0,1,0,,0.239614
within,902,0,0,0,,0.16719216
within,903,3,0,1,B_sarcasm,0.07366414
within,904,0,1,0,,0.04675136
within,905,0,0,0,,0.08826666
within,906,1,0,1,B_sarcasm,0.04789608
within,907,1,1,0,,0.83267426
short,0,1,1,0,,0.46989158
short,1,1,0,0,,0.6245213
short,2,0,1,1,A_joking_complaint,0.14148384
short,3,0,0,0,,0.10127938
short,4,0,0,0,,0.13837427
short,5,0,0,0,,0.09382443
short,6,0,0,0,,0.09780746
short,7,0,3,1,A_joking_complaint,0.24462803
short,8,0,0,0,,0.058611583
short,9,0,0,0,,0.79616266
short,10,0,0,0,,0.09502391
short,11,1,0,0,,0.08324575
short,12,0,0,0,,0.11072082
short,13,2,1,0,,0.047689505
short,14,1,0,0,,0.041055467
short,15,3,0,0,,0.06922377
short,16,2,0,0,,0.7211712
short,17,4,0,0,,0.9734672
short,18,1,0,0,,0.66636735
short,19,2,0,0,,0.9205227
short,20,3,3,0,,0.48253685
short,21,1,1,0,,0.51774997
short,22,0,0,0,,0.09526267
short,23,0,0,0,,0.056739666
short,24,3,0,0,,0.045912616
short,25,1,1,0,,0.66537565
short,26,1,0,0,,0.9702495
short,27,2,0,0,,0.8274627
short,28,1,0,0,,0.09506189
short,29,2,0,0,,0.16880523
short,30,2,0,0,,0.41851068
short,31,2,0,0,,0.8267116
short,32,0,0,0,,0.11168847
short,33,0,0,0,,0.06793619
short,34,1,0,0,,0.70437646
short,35,0,0,0,,0.06936075
short,36,0,0,0,,0.06482012
short,37,2,0,0,,0.72643024
short,38,2,0,0,,0.7110912
short,39,0,1,1,A_joking_complaint,0.11577647
short,40,1,0,0,,0.81739265
short,41,3,0,0,,0.08553344
short,42,2,1,0,,0.6176888
short,43,1,1,0,,0.3823027
short,44,0,1,1,A_joking_complaint,0.13407099
short,45,1,0,0,,0.89208055
short,46,2,1,0,,0.029623114
short,47,2,0,0,,0.017159343
short,48,0,0,0,,0.24819823
short,49,0,3,1,A_joking_complaint,0.057795335
short,50,0,1,1,A_joking_complaint,0.60449934
short,51,0,0,0,,0.07446489
short,52,1,0,0,,0.74380434
short,53,1,3,0,,0.1266496
short,54,2,0,0,,0.11828472
short,55,1,1,0,,0.8755814
short,56,2,0,0,,0.040502746
short,57,0,0,0,,0.087582916
short,58,2,0,0,,0.06424851
short,59,3,0,0,,0.34465182
short,60,0,0,0,,0.83983904
short,61,0,0,0,,0.088179536
short,62,1,0,0,,0.44148543
short,63,0,1,1,A_joking_complaint,0.50425535
short,64,0,1,1,A_joking_complaint,0.22123785
short,65,0,0,0,,0.44756907
short,66,2,0,0,,0.13454324
short,67,1,0,0,,0.80303085
short,68,0,0,0,,0.033326644
short,69,2,0,0,,0.14085494
short,70,0,1,1,A_joking_complaint,0.051214375
short,71,0,0,0,,0.06246432
short,72,1,0,0,,0.10474362
short,73,0,0,0,,0.83682203
short,74,0,0,0,,0.15415518
short,75,0,0,0,,0.48182404
short,76,2,1,0,,0.9282711
short,77,6,2,0,,0.41925645
short,78,0,0,0,,0.29883906
short,79,0,1,1,A_joking_complaint,0.26433253
short,80,1,2,0,,0.042730387
short,81,1,0,0,,0.23001955
short,82,1,0,0,,0.24470703
short,83,0,2,1,A_joking_complaint,0.06969202
short,84,1,0,0,,0.97216076
short,85,2,1,0,,0.08879698
short,86,0,0,0,,0.12837541
short,87,1,2,0,,0.096093014
short,88,0,0,0,,0.09212818
short,89,1,0,0,,0.44530803
short,90,3,0,0,,0.16447346
short,91,0,2,1,A_joking_complaint,0.047757544
short,92,3,0,0,,0.21352156
short,93,0,0,0,,0.22307436
short,94,0,0,0,,0.15034196
short,95,0,1,1,A_joking_complaint,0.2126778
short,96,3,0,0,,0.2232632
short,97,0,0,0,,0.09026957
short,98,1,1,0,,0.0483608
short,99,1,1,0,,0.5083984
short,100,1,0,0,,0.97722965
short,101,3,0,0,,0.14818174
short,102,1,1,0,,0.23697068
short,103,0,0,0,,0.09022005
short,104,2,0,0,,0.039909404
short,105,2,1,0,,0.30036604
short,106,0,0,0,,0.42741773
short,107,2,0,0,,0.049827665
short,108,0,0,0,,0.061206456
short,109,1,0,0,,0.0511714
short,110,0,0,0,,0.7604723
short,111,2,0,0,,0.33525077
short,112,0,0,0,,0.17505027
short,113,3,1,0,,0.5908056
short,114,1,0,0,,0.24651557
short,115,0,0,0,,0.062811375
short,116,0,0,0,,0.18709235
short,117,1,1,0,,0.55431336
short,118,1,1,0,,0.121414535
short,119,0,0,0,,0.1662529
short,120,2,0,0,,0.33444184
short,121,0,0,0,,0.508627
short,122,1,0,0,,0.4112901
short,123,2,0,0,,0.78793585
short,124,1,1,0,,0.048507065
short,125,0,1,1,A_joking_complaint,0.6940304
short,126,1,0,0,,0.4960334
short,127,0,2,1,A_joking_complaint,0.22565116
short,128,2,0,0,,0.4406131
short,129,1,0,0,,0.31728444
short,130,0,1,1,A_joking_complaint,0.28418693
short,131,0,0,0,,0.15814628
short,132,0,0,0,,0.098018594
short,133,0,0,0,,0.09553934
short,134,1,0,0,,0.86764127
short,135,2,0,0,,0.38631573
short,136,0,1,1,A_joking_complaint,0.46116886
short,137,1,0,0,,0.20539238
short,138,1,0,0,,0.28415775
short,139,2,1,0,,0.18351476
short,140,0,1,1,A_joking_complaint,0.05251761
short,141,1,0,0,,0.7316766
short,142,1,0,0,,0.057910126
short,143,1,0,0,,0.09244685
short,144,0,0,0,,0.30932072
short,145,0,0,0,,0.48959816
short,146,1,0,0,,0.6422615
short,147,1,0,0,,0.74427927
short,148,1,2,0,,0.24447177
short,149,1,0,0,,0.5135716
short,150,0,0,0,,0.5508025
short,151,0,0,0,,0.82402116
short,152,0,0,0,,0.69625574
short,153,1,0,0,,0.061486743
short,154,2,1,0,,0.54939693
short,155,2,2,0,,0.14698462
short,156,0,0,0,,0.07332021
short,157,0,0,0,,0.03414737
short,158,0,1,1,A_joking_complaint,0.096756525
short,159,0,0,0,,0.21995242
short,160,1,0,0,,0.055478692
short,161,3,0,0,,0.6984947
short,162,2,0,0,,0.78525066
short,163,1,0,0,,0.45945215
short,164,0,0,0,,0.06282965
short,165,0,0,0,,0.110420056
short,166,1,0,0,,0.6014094
short,167,3,0,0,,0.3645058
short,168,0,0,0,,0.057057925
short,169,2,0,0,,0.052583482
short,170,0,0,0,,0.4396355
short,171,0,0,0,,0.11701808
short,172,2,0,0,,0.41859567
short,173,0,1,1,A_joking_complaint,0.19268003
short,174,0,0,0,,0.08881383
short,175,0,1,1,A_joking_complaint,0.3287876
short,176,1,1,0,,0.18326296
short,177,2,0,0,,0.975606
short,178,3,0,0,,0.32246214
short,179,1,0,0,,0.136634
short,180,0,0,0,,0.11979627
short,181,1,0,0,,0.8069543
short,182,1,0,0,,0.72772944
short,183,0,1,1,A_joking_complaint,0.30069727
short,184,1,0,0,,0.22153619
short,185,1,1,0,,0.67048556
short,186,0,0,0,,0.39624858
short,187,2,0,0,,0.035965443
short,188,0,0,0,,0.04051926
short,189,0,0,0,,0.5468155
short,190,2,0,0,,0.07907029
short,191,2,0,0,,0.8270546
short,192,3,1,0,,0.15034506
short,193,1,0,0,,0.2629481
short,194,0,0,0,,0.023376642
short,195,0,0,0,,0.09265739
short,196,1,0,0,,0.65910214
short,197,3,0,0,,0.35777682
short,198,1,0,0,,0.03745322
short,199,5,0,0,,0.11552575
short,200,2,1,0,,0.48584077
short,201,2,1,0,,0.28177336
short,202,1,1,0,,0.471456
short,203,0,0,0,,0.33701184
short,204,0,0,0,,0.1747742
short,205,0,1,1,A_joking_complaint,0.07127893
short,206,3,1,0,,0.030781649
short,207,0,1,1,A_joking_complaint,0.8761781
short,208,0,0,0,,0.05291539
short,209,2,0,0,,0.7820987
short,210,3,0,0,,0.28077725
short,211,1,0,0,,0.88990927
short,212,0,0,0,,0.10660173
short,213,0,2,1,A_joking_complaint,0.43361196
short,214,2,0,0,,0.43973917
short,215,1,0,0,,0.43119037
short,216,1,0,0,,0.029787228
short,217,5,0,0,,0.1813627
short,218,1,0,0,,0.2785043
short,219,0,0,0,,0.761955
short,220,1,0,0,,0.050115567
short,221,1,2,0,,0.5494384
short,222,0,1,1,A_joking_complaint,0.20363766
short,223,1,0,0,,0.10995987
short,224,1,0,0,,0.19608663
short,225,1,0,0,,0.20721503
short,226,2,0,0,,0.6165997
short,227,1,0,0,,0.23683074
short,228,0,0,0,,0.3714347
short,229,2,1,0,,0.534702
short,230,1,1,0,,0.8921343
short,231,3,0,0,,0.30021903
short,232,0,2,1,A_joking_complaint,0.086848125
short,233,0,0,0,,0.28874388
short,234,0,1,1,A_joking_complaint,0.05816873
short,235,0,0,0,,0.18515967
short,236,2,0,0,,0.14681563
short,237,0,0,0,,0.07584352
short,238,1,0,0,,0.74347526
short,239,1,0,0,,0.324029
short,240,1,0,0,,0.911478
short,241,2,0,0,,0.51424617
short,242,2,0,0,,0.14456661
short,243,0,0,0,,0.95455694
short,244,1,0,0,,0.07922303
short,245,0,0,0,,0.54397917
short,246,2,0,0,,0.3912125
short,247,0,0,0,,0.07207682
short,248,1,0,0,,0.19002168
short,249,2,0,0,,0.5921366
short,250,2,4,0,,0.43895647
short,251,2,0,0,,0.21750729
short,252,0,0,0,,0.06968082
short,253,3,0,0,,0.07675517
short,254,0,1,1,A_joking_complaint,0.06280974
short,255,0,0,0,,0.54760695
short,256,1,0,0,,0.13831335
short,257,1,0,0,,0.67873615
short,258,2,1,0,,0.4074603
short,259,0,0,0,,0.40418845
short,260,0,1,1,A_joking_complaint,0.12902117
short,261,0,0,0,,0.8424009
short,262,0,0,0,,0.066582404
short,263,0,0,0,,0.22419588
short,264,0,2,1,A_joking_complaint,0.24611616
short,265,1,0,0,,0.035800334
short,266,0,1,1,A_joking_complaint,0.8833429
short,267,3,2,0,,0.3645607
short,268,2,1,0,,0.668316
short,269,1,0,0,,0.7964174
short,270,0,0,0,,0.058507282
short,271,0,2,1,A_joking_complaint,0.23583524
short,272,1,0,0,,0.9075349
short,273,1,0,0,,0.7726249
short,274,1,0,0,,0.076975465
short,275,1,0,0,,0.95692694
short,276,0,0,0,,0.067753926
short,277,2,0,0,,0.29372558
short,278,0,1,1,A_joking_complaint,0.23174654
short,279,0,0,0,,0.045476545
short,280,1,0,0,,0.10691473
short,281,1,0,0,,0.049880296
short,282,1,0,0,,0.6126822
short,283,3,0,0,,0.68106395
short,284,2,0,0,,0.064420894
short,285,2,0,0,,0.67665386
short,286,1,0,0,,0.044874724
short,287,1,0,0,,0.15979318
short,288,0,0,0,,0.038601656
short,289,0,0,0,,0.11600218
short,290,1,0,0,,0.15208107
short,291,1,0,0,,0.5635321
short,292,1,0,0,,0.22425601
short,293,0,0,0,,0.14072107
short,294,1,0,0,,0.60971004
short,295,0,1,1,A_joking_complaint,0.24171308
short,296,2,0,0,,0.09850314
short,297,1,0,0,,0.50881493
short,298,1,0,0,,0.8083878
short,299,0,1,1,A_joking_complaint,0.71988904
short,300,0,0,0,,0.07689513
short,301,1,0,0,,0.64344114
short,302,0,2,1,A_joking_complaint,0.5892818
short,303,2,0,0,,0.69556123
short,304,1,0,0,,0.08464036
short,305,4,0,0,,0.025850235
short,306,0,0,0,,0.8017424
short,307,1,0,0,,0.76554334
short,308,2,0,0,,0.9419049
short,309,1,0,0,,0.28399014
short,310,0,0,0,,0.069142565
short,311,6,0,0,,0.11673837
short,312,1,1,0,,0.98301977
short,313,0,0,0,,0.46528742
short,314,2,0,0,,0.35337743
short,315,0,0,0,,0.1061199
short,316,0,2,1,A_joking_complaint,0.89648986
short,317,2,0,0,,0.060218524
short,318,0,0,0,,0.15322588
short,319,3,1,0,,0.15409629
short,320,2,0,0,,0.082947776
short,321,1,0,0,,0.5400769
short,322,0,0,0,,0.07794407
short,323,1,0,0,,0.43308827
short,324,2,0,0,,0.2613417
short,325,1,1,0,,0.39706844
short,326,0,0,0,,0.3875335
short,327,1,0,0,,0.8524367
short,328,0,0,0,,0.42011818
short,329,1,0,0,,0.51070684
short,330,1,1,0,,0.062195275
short,331,3,0,0,,0.09665007
short,332,0,1,1,A_joking_complaint,0.07349548
short,333,0,0,0,,0.16082472
short,334,0,1,1,A_joking_complaint,0.21968128
short,335,2,0,0,,0.07836367
short,336,1,0,0,,0.09891893
short,337,1,0,0,,0.050107785
short,338,1,0,0,,0.34676668
short,339,0,1,1,A_joking_complaint,0.34222493
short,340,0,0,0,,0.27890918
short,341,0,0,0,,0.92672324
short,342,0,2,1,A_joking_complaint,0.24713343
short,343,2,0,0,,0.10342719
short,344,1,0,0,,0.07460362
short,345,1,1,0,,0.22775915
short,346,2,1,0,,0.23530884
short,347,1,0,0,,0.9483639
short,348,2,0,0,,0.71169853
short,349,0,0,0,,0.07200259
short,350,0,0,0,,0.056175806
short,351,3,0,0,,0.22688833
short,352,1,0,0,,0.3208268
short,353,0,0,0,,0.85722286
short,354,3,1,0,,0.030464664
short,355,1,0,0,,0.4025296
short,356,0,0,0,,0.60190463
short,357,0,2,1,A_joking_complaint,0.9477724
short,358,3,1,0,,0.40465802
short,359,1,0,0,,0.054750253
short,360,0,0,0,,0.16846074
short,361,0,0,0,,0.077214286
short,362,0,1,1,A_joking_complaint,0.36204657
short,363,2,0,0,,0.14127094
short,364,0,0,0,,0.13179842
short,365,0,0,0,,0.29004174
short,366,0,0,0,,0.093890026
short,367,0,0,0,,0.7309949
short,368,2,0,0,,0.4061141
short,369,1,1,0,,0.8677558
short,370,1,0,0,,0.4769161
short,371,0,0,0,,0.0985982
short,372,2,0,0,,0.4631566
short,373,0,0,0,,0.0505997
short,374,2,0,0,,0.04003518
short,375,1,0,0,,0.10475775
short,376,1,0,0,,0.5208283
short,377,1,1,0,,0.03798838
short,378,0,1,1,A_joking_complaint,0.29465938
short,379,0,0,0,,0.062604755
short,380,0,0,0,,0.049409118
short,381,2,2,0,,0.04188727
short,382,1,2,0,,0.4092388
short,383,2,0,0,,0.033616565
short,384,1,0,0,,0.73856544
short,385,1,1,0,,0.13989793
short,386,1,1,0,,0.9383075
short,387,1,0,0,,0.84244585
short,388,2,0,0,,0.46186125
short,389,0,0,0,,0.5684335
short,390,0,1,1,A_joking_complaint,0.33984038
short,391,1,0,0,,0.12635925
short,392,1,0,0,,0.16071719
short,393,0,2,1,A_joking_complaint,0.44089422
short,394,1,0,0,,0.32569683
short,395,1,1,0,,0.239443
short,396,0,2,1,A_joking_complaint,0.13371249
short,397,1,1,0,,0.25885126
short,398,1,0,0,,0.84462446
short,399,0,0,0,,0.14400224
short,400,0,0,0,,0.32979125
short,401,0,0,0,,0.6143352
short,402,0,2,1,A_joking_complaint,0.18864886
short,403,0,1,1,A_joking_complaint,0.3200331
short,404,2,0,0,,0.24484596
short,405,2,0,0,,0.8402727
short,406,0,0,0,,0.062888466
short,407,0,0,0,,0.085219115
short,408,2,0,0,,0.8741645
short,409,0,0,0,,0.939171
short,410,1,2,0,,0.12987089
short,411,1,0,0,,0.55122983
short,412,1,1,0,,0.034483857
short,413,0,1,1,A_joking_complaint,0.091972865
short,414,0,1,1,A_joking_complaint,0.26956478
short,415,0,0,0,,0.3888602
short,416,1,0,0,,0.7888424
short,417,4,0,0,,0.23660919
short,418,2,2,0,,0.90335125
short,419,1,1,0,,0.5127937
short,420,0,0,0,,0.09396301
short,421,0,2,1,A_joking_complaint,0.09079764
short,422,1,5,0,,0.15712862
short,423,1,2,0,,0.60365427
short,424,0,1,1,A_joking_complaint,0.075084664
short,425,0,1,1,A_joking_complaint,0.26546302
short,426,0,0,0,,0.5204365
short,427,0,0,0,,0.03804836
short,428,1,0,0,,0.18191272
short,429,1,1,0,,0.7513445
short,430,1,0,0,,0.074057706
short,431,0,0,0,,0.1767606
short,432,1,0,0,,0.8408368
short,433,4,0,0,,0.14506792
short,434,1,0,0,,0.81134164
short,435,1,0,0,,0.9748443
short,436,1,0,0,,0.39386424
short,437,1,1,0,,0.03131728
short,438,0,0,0,,0.80832964
short,439,2,0,0,,0.866748
short,440,1,0,0,,0.96446335
short,441,0,0,0,,0.23338912
short,442,1,2,0,,0.9828523
short,443,2,0,0,,0.31455266
short,444,1,0,0,,0.7449609
short,445,1,0,0,,0.6247259
short,446,1,1,0,,0.10585969
short,447,1,0,0,,0.9088107
short,448,1,1,0,,0.78315616
short,449,2,0,0,,0.21575284
short,450,0,0,0,,0.063269675
short,451,1,1,0,,0.07435919
short,452,0,0,0,,0.061831683
short,453,2,0,0,,0.65446836
short,454,1,0,1,B_sarcasm,0.28036004
short,455,1,0,1,B_sarcasm,0.04904529
short,456,0,0,0,,0.92912203
short,457,0,0,0,,0.33199674
short,458,1,2,0,,0.25970617
short,459,0,1,0,,0.06685304
short,460,0,0,0,,0.074712664
short,461,1,2,0,,0.06845281
short,462,1,0,1,B_sarcasm,0.14839199
short,463,0,2,0,,0.22960953
short,464,0,0,0,,0.24943075
short,465,0,1,0,,0.560873
short,466,0,1,0,,0.055808082
short,467,0,0,0,,0.55310905
short,468,0,1,0,,0.09047342
short,469,0,0,0,,0.022051957
short,470,0,0,0,,0.11454042
short,471,1,1,0,,0.18978567
short,472,1,0,1,B_sarcasm,0.08668841
short,473,0,1,0,,0.77103007
short,474,0,2,0,,0.2342458
short,475,0,1,0,,0.05204442
short,476,0,0,0,,0.5381078
short,477,1,0,1,B_sarcasm,0.26701885
short,478,2,2,0,,0.06826757
short,479,1,4,0,,0.07557366
short,480,0,0,0,,0.5400323
short,481,0,1,0,,0.019840637
short,482,0,0,0,,0.06594102
short,483,0,0,0,,0.35474375
short,484,1,2,0,,0.6078111
short,485,0,2,0,,0.44440857
short,486,1,0,1,B_sarcasm,0.47166118
short,487,1,1,0,,0.050687414
short,488,1,1,0,,0.4754598
short,489,1,1,0,,0.72621304
short,490,0,1,0,,0.25701374
short,491,0,1,0,,0.26703882
short,492,1,2,0,,0.6443833
short,493,1,0,1,B_sarcasm,0.07574136
short,494,1,0,1,B_sarcasm,0.426306
short,495,2,0,1,B_sarcasm,0.18389674
short,496,1,2,0,,0.46943685
short,497,0,0,0,,0.11058479
short,498,1,0,1,B_sarcasm,0.7224718
short,499,1,1,0,,0.31818807
short,500,1,0,1,B_sarcasm,0.44905385
short,501,1,0,1,B_sarcasm,0.64418435
short,502,1,0,1,B_sarcasm,0.09025111
short,503,0,3,0,,0.050292313
short,504,0,1,0,,0.117794186
short,505,0,0,0,,0.13044629
short,506,1,1,0,,0.25029197
short,507,0,0,0,,0.23737875
short,508,1,4,0,,0.279239
short,509,3,0,1,B_sarcasm,0.21028724
short,510,0,1,0,,0.21736571
short,511,1,1,0,,0.65223
short,512,0,2,0,,0.08317963
short,513,0,1,0,,0.40546286
short,514,0,1,0,,0.09904131
short,515,0,1,0,,0.070669375
short,516,0,0,0,,0.05164948
short,517,0,1,0,,0.73418486
short,518,0,1,0,,0.805021
short,519,1,2,0,,0.5464008
short,520,0,1,0,,0.29004174
short,521,0,0,0,,0.20077617
short,522,0,2,0,,0.5404022
short,523,0,2,0,,0.042373437
short,524,0,0,0,,0.029967003
short,525,1,1,0,,0.4764858
short,526,0,2,0,,0.19833015
short,527,1,0,1,B_sarcasm,0.06613819
short,528,1,0,1,B_sarcasm,0.58467907
short,529,1,0,1,B_sarcasm,0.22891925
short,530,0,0,0,,0.2531524
short,531,0,0,0,,0.114043154
short,532,0,0,0,,0.068910144
short,533,2,0,1,B_sarcasm,0.4921573
short,534,0,1,0,,0.24564725
short,535,1,0,1,B_sarcasm,0.23713155
short,536,1,1,0,,0.054812744
short,537,0,4,0,,0.1469221
short,538,1,1,0,,0.89422226
short,539,0,0,0,,0.18527284
short,540,0,0,0,,0.06818681
short,541,1,1,0,,0.10197069
short,542,1,1,0,,0.07807034
short,543,0,1,0,,0.49291912
short,544,0,1,0,,0.058487806
short,545,1,1,0,,0.40389672
short,546,1,0,1,B_sarcasm,0.040559083
short,547,0,1,0,,0.5269029
short,548,1,0,1,B_sarcasm,0.054813907
short,549,1,2,0,,0.95621145
short,550,0,0,0,,0.23103647
short,551,1,0,1,B_sarcasm,0.077045485
short,552,2,0,1,B_sarcasm,0.6681585
short,553,0,1,0,,0.097924076
short,554,0,0,0,,0.21722783
short,555,1,1,0,,0.53942454
short,556,0,0,0,,0.18503246
short,557,0,0,0,,0.3170587
short,558,0,0,0,,0.703266
short,559,0,0,0,,0.23046172
short,560,0,0,0,,0.08224118
short,561,0,1,0,,0.123480044
short,562,0,1,0,,0.78563684
short,563,0,0,0,,0.040338624
short,564,1,0,1,B_sarcasm,0.061856113
short,565,0,0,0,,0.34304813
short,566,0,1,0,,0.3677167
short,567,1,3,0,,0.13541429
short,568,0,1,0,,0.085847825
short,569,0,1,0,,0.0809261
short,570,0,0,0,,0.46398982
short,571,2,1,0,,0.4528789
short,572,0,0,0,,0.6539964
short,573,0,1,0,,0.10489125
short,574,1,2,0,,0.13453884
short,575,1,0,1,B_sarcasm,0.20675002
short,576,0,1,0,,0.45194495
short,577,0,0,0,,0.09668725
short,578,1,0,1,B_sarcasm,0.6226093
short,579,0,0,0,,0.2507475
short,580,1,1,0,,0.14039285
short,581,0,2,0,,0.36765093
short,582,0,0,0,,0.040603988
short,583,2,0,1,B_sarcasm,0.44095024
short,584,3,0,1,B_sarcasm,0.051841665
short,585,0,0,0,,0.09152901
short,586,0,1,0,,0.17744008
short,587,0,1,0,,0.31678507
short,588,0,1,0,,0.7315391
short,589,1,3,0,,0.5400777
short,590,0,0,0,,0.086612366
short,591,1,1,0,,0.30554846
short,592,2,1,0,,0.112088196
short,593,2,0,1,B_sarcasm,0.78679836
short,594,1,0,1,B_sarcasm,0.08277382
short,595,1,0,1,B_sarcasm,0.19067188
short,596,1,1,0,,0.044864696
short,597,0,1,0,,0.12759978
short,598,2,0,1,B_sarcasm,0.24206564
short,599,0,0,0,,0.11238427
short,600,0,0,0,,0.09164779
short,601,0,2,0,,0.45928556
short,602,0,0,0,,0.08614953
short,603,1,0,1,B_sarcasm,0.11331509
short,604,0,0,0,,0.17534277
short,605,2,1,0,,0.18001395
short,606,0,0,0,,0.30141473
short,607,0,0,0,,0.071369536
short,608,0,0,0,,0.13541944
short,609,1,2,0,,0.53061783
short,610,0,1,0,,0.043798286
short,611,0,0,0,,0.044188984
short,612,1,1,0,,0.06924484
short,613,2,2,0,,0.09386784
short,614,2,0,1,B_sarcasm,0.094459035
short,615,0,0,0,,0.0921892
short,616,2,0,1,B_sarcasm,0.9803816
short,617,0,0,0,,0.17274363
short,618,0,1,0,,0.5324757
short,619,0,1,0,,0.30141404
short,620,0,0,0,,0.06750957
short,621,1,0,1,B_sarcasm,0.07521998
short,622,1,1,0,,0.19370273
short,623,0,0,0,,0.17155446
short,624,0,0,0,,0.12531571
short,625,0,0,0,,0.92449796
short,626,0,1,0,,0.08089865
short,627,0,0,0,,0.046197824
short,628,0,1,0,,0.087025926
short,629,1,0,1,B_sarcasm,0.2715882
short,630,0,0,0,,0.032273352
short,631,0,1,0,,0.037103035
short,632,1,3,0,,0.106005244
short,633,0,0,0,,0.4703639
short,634,0,0,0,,0.351596
short,635,3,1,0,,0.17267035
short,636,0,1,0,,0.25900778
short,637,0,0,0,,0.14953025
short,638,0,1,0,,0.074214056
short,639,0,0,0,,0.73511016
short,640,0,1,0,,0.21105511
short,641,1,2,0,,0.22287029
short,642,0,0,0,,0.098759055
short,643,1,0,1,B_sarcasm,0.5082164
short,644,1,0,1,B_sarcasm,0.26006106
short,645,0,0,0,,0.04354335
short,646,0,0,0,,0.9157254
short,647,0,0,0,,0.08039324
short,648,1,0,1,B_sarcasm,0.69113916
short,649,0,0,0,,0.8311108
short,650,0,0,0,,0.55196655
short,651,0,1,0,,0.0840573
short,652,1,0,1,B_sarcasm,0.049339708
short,653,0,1,0,,0.298535
short,654,1,0,1,B_sarcasm,0.06524417
short,655,0,0,0,,0.20410015
short,656,1,0,1,B_sarcasm,0.0363796
short,657,0,3,0,,0.75167763
short,658,0,0,0,,0.29951745
short,659,1,0,1,B_sarcasm,0.5113701
short,660,1,1,0,,0.9549595
short,661,0,1,0,,0.5477634
short,662,0,0,0,,0.42507678
short,663,0,0,0,,0.038434315
short,664,1,0,1,B_sarcasm,0.13646472
short,665,1,0,1,B_sarcasm,0.630106
short,666,4,1,0,,0.74415547
short,667,0,1,0,,0.2959095
short,668,2,0,1,B_sarcasm,0.2613331
short,669,0,0,0,,0.09350478
short,670,0,1,0,,0.2532163
short,671,2,1,0,,0.15909037
short,672,0,0,0,,0.13461287
short,673,1,0,1,B_sarcasm,0.08084028
short,674,0,0,0,,0.31111693
short,675,0,0,0,,0.06279117
short,676,0,0,0,,0.043496426
short,677,0,1,0,,0.04499588
short,678,0,2,0,,0.07317778
short,679,0,4,0,,0.13781315
short,680,1,2,0,,0.0556134
short,681,1,0,1,B_sarcasm,0.9548629
short,682,2,3,0,,0.052314527
short,683,1,2,0,,0.68090516
short,684,1,1,0,,0.2885651
short,685,1,1,0,,0.7084825
short,686,1,1,0,,0.29391065
short,687,1,0,1,B_sarcasm,0.03497676
short,688,1,0,1,B_sarcasm,0.11816713
short,689,0,2,0,,0.06553974
short,690,1,2,0,,0.17885514
short,691,1,3,0,,0.18629605
short,692,1,2,0,,0.09004413
short,693,0,2,0,,0.29443553
short,694,0,0,0,,0.090780266
short,695,1,0,1,B_sarcasm,0.065474726
short,696,0,1,0,,0.20204933
short,697,0,1,0,,0.5508989
short,698,0,1,0,,0.115871385
short,699,0,0,0,,0.0760803
short,700,2,0,1,B_sarcasm,0.2025352
short,701,1,1,0,,0.080297925
short,702,0,2,0,,0.07319786
short,703,0,0,0,,0.07949271
short,704,1,0,1,B_sarcasm,0.61091274
short,705,1,1,0,,0.35275325
short,706,1,1,0,,0.67495006
short,707,0,0,0,,0.21496698
short,708,0,0,0,,0.21421324
short,709,2,0,1,B_sarcasm,0.09280221
short,710,0,1,0,,0.4802229
short,711,1,0,1,B_sarcasm,0.027454693
short,712,0,1,0,,0.31979373
short,713,0,0,0,,0.070884556
short,714,0,2,0,,0.25840923
short,715,1,0,1,B_sarcasm,0.4001245
short,716,0,0,0,,0.31964907
short,717,0,0,0,,0.16639149
short,718,1,4,0,,0.10406458
short,719,1,0,1,B_sarcasm,0.1183441
short,720,0,2,0,,0.89349544
short,721,1,0,1,B_sarcasm,0.20530918
short,722,1,3,0,,0.8492052
short,723,0,0,0,,0.61450404
short,724,0,2,0,,0.7896731
short,725,1,0,1,B_sarcasm,0.0836963
short,726,2,3,0,,0.41248342
short,727,0,1,0,,0.24010989
short,728,0,0,0,,0.18975385
short,729,0,0,0,,0.10243883
short,730,0,0,0,,0.4174974
short,731,0,0,0,,0.06397979
short,732,0,1,0,,0.07081294
short,733,0,1,0,,0.18084376
short,734,0,1,0,,0.089526944
short,735,1,0,1,B_sarcasm,0.20074373
short,736,1,0,1,B_sarcasm,0.21546128
short,737,0,1,0,,0.2313152
short,738,1,0,1,B_sarcasm,0.04075036
short,739,0,1,0,,0.3685995
short,740,0,0,0,,0.17750816
short,741,0,0,0,,0.17925385
short,742,0,0,0,,0.06577179
short,743,0,1,0,,0.0998992
short,744,1,1,0,,0.2606151
short,745,0,0,0,,0.074069835
short,746,0,2,0,,0.73208743
short,747,0,3,0,,0.041153282
short,748,1,1,0,,0.68177813
short,749,0,1,0,,0.082741655
short,750,1,1,0,,0.058898132
short,751,1,1,0,,0.07843915
short,752,0,0,0,,0.11506117
short,753,0,0,0,,0.06391623
short,754,1,0,1,B_sarcasm,0.16807377
short,755,0,1,0,,0.23093745
short,756,0,0,0,,0.08889615
short,757,0,0,0,,0.04749361
short,758,2,0,1,B_sarcasm,0.8833182
short,759,0,4,0,,0.052588902
short,760,1,0,1,B_sarcasm,0.036455523
short,761,1,0,1,B_sarcasm,0.18236177
short,762,0,1,0,,0.24683677
short,763,0,1,0,,0.0416673
short,764,2,0,1,B_sarcasm,0.9602221
short,765,1,0,1,B_sarcasm,0.37029415
short,766,1,1,0,,0.25586897
short,767,0,1,0,,0.035301384
short,768,0,0,0,,0.4251261
short,769,1,0,1,B_sarcasm,0.7879417
short,770,0,0,0,,0.042749647
short,771,0,0,0,,0.036255788
short,772,0,0,0,,0.040619954
short,773,2,0,1,B_sarcasm,0.66853964
short,774,0,0,0,,0.09529754
short,775,0,1,0,,0.5111195
short,776,2,1,0,,0.18304323
short,777,0,2,0,,0.06943451
short,778,1,0,1,B_sarcasm,0.07325053
short,779,0,0,0,,0.09897095
short,780,0,0,0,,0.13697906
short,781,1,1,0,,0.11589133
short,782,1,0,1,B_sarcasm,0.7218932
short,783,1,1,0,,0.737444
short,784,0,1,0,,0.07231437
short,785,0,0,0,,0.77116627
short,786,1,0,1,B_sarcasm,0.10577853
short,787,2,0,1,B_sarcasm,0.85042554
short,788,0,1,0,,0.16145346
short,789,0,0,0,,0.58956146
short,790,0,2,0,,0.57446533
short,791,0,1,0,,0.12319201
short,792,0,0,0,,0.7076251
short,793,0,1,0,,0.036951087
short,794,0,2,0,,0.049373407
short,795,2,0,1,B_sarcasm,0.24522938
short,796,1,0,1,B_sarcasm,0.6469643
short,797,0,1,0,,0.19052145
short,798,1,3,0,,0.039960995
short,799,0,1,0,,0.9298282
short,800,1,0,1,B_sarcasm,0.032087535
short,801,3,0,1,B_sarcasm,0.084897585
short,802,0,3,0,,0.06771828
short,803,0,0,0,,0.25017628
short,804,0,1,0,,0.17859171
short,805,0,3,0,,0.058379877
short,806,1,1,0,,0.030943109
short,807,1,3,0,,0.5085776
short,808,1,1,0,,0.5161005
short,809,0,1,0,,0.15978675
short,810,0,1,0,,0.09162267
short,811,0,0,0,,0.30249175
short,812,2,0,1,B_sarcasm,0.05265937
short,813,0,0,0,,0.28738293
short,814,0,1,0,,0.2519811
short,815,1,0,1,B_sarcasm,0.42625892
short,816,1,0,1,B_sarcasm,0.25818187
short,817,1,1,0,,0.1475985
short,818,0,0,0,,0.79107386
short,819,0,0,0,,0.22324415
short,820,0,0,0,,0.54029757
short,821,2,0,1,B_sarcasm,0.2019993
short,822,1,0,1,B_sarcasm,0.033485625
short,823,0,1,0,,0.07384238
short,824,0,0,0,,0.29039916
short,825,0,1,0,,0.66950357
short,826,2,0,1,B_sarcasm,0.041777387
short,827,3,1,0,,0.30423427
short,828,0,0,0,,0.3007958
short,829,0,0,0,,0.111799225
short,830,2,0,1,B_sarcasm,0.633455
short,831,0,1,0,,0.37498474
short,832,1,3,0,,0.08602603
short,833,0,0,0,,0.5747502
short,834,0,1,0,,0.86767185
short,835,0,1,0,,0.66650796
short,836,0,3,0,,0.0966463
short,837,0,0,0,,0.6406574
short,838,0,3,0,,0.46185336
short,839,0,0,0,,0.22971168
short,840,0,1,0,,0.20995659
short,841,1,0,1,B_sarcasm,0.43400347
short,842,0,1,0,,0.04882675
short,843,0,1,0,,0.8184578
short,844,1,1,0,,0.3610518
short,845,0,0,0,,0.24708827
short,846,1,0,1,B_sarcasm,0.17048645
short,847,0,0,0,,0.23179056
short,848,0,1,0,,0.77821493
short,849,2,0,1,B_sarcasm,0.051206954
short,850,0,0,0,,0.3995959
short,851,0,1,0,,0.042986
short,852,0,2,0,,0.10272235
short,853,0,0,0,,0.8270979
short,854,0,0,0,,0.58424854
short,855,0,0,0,,0.037685808
short,856,0,1,0,,0.3204766
short,857,0,0,0,,0.9589782
short,858,0,0,0,,0.3619187
short,859,1,1,0,,0.24306974
short,860,0,1,0,,0.236476
short,861,1,0,1,B_sarcasm,0.030978031
short,862,0,2,0,,0.09007188
short,863,1,1,0,,0.06940677
short,864,0,0,0,,0.053912573
short,865,0,0,0,,0.09266893
short,866,0,0,0,,0.07297385
short,867,1,0,1,B_sarcasm,0.07362496
short,868,2,0,1,B_sarcasm,0.98187166
short,869,1,0,1,B_sarcasm,0.14819495
short,870,0,0,0,,0.17287286
short,871,0,1,0,,0.59009457
short,872,1,1,0,,0.48243356
short,873,0,0,0,,0.2163095
short,874,0,0,0,,0.7228603
short,875,0,2,0,,0.73141265
short,876,0,1,0,,0.6534019
short,877,0,1,0,,0.110622324
short,878,0,0,0,,0.042943805
short,879,0,0,0,,0.419573
short,880,0,1,0,,0.20177087
short,881,0,1,0,,0.020131165
short,882,0,0,0,,0.4832147
short,883,0,0,0,,0.08543141
short,884,1,0,1,B_sarcasm,0.32080334
short,885,0,0,0,,0.13445829
short,886,0,0,0,,0.23623812
short,887,0,0,0,,0.1166391
short,888,0,1,0,,0.26740497
short,889,0,1,0,,0.32065284
short,890,3,1,0,,0.9468067
short,891,0,1,0,,0.10941555
short,892,0,2,0,,0.037982717
short,893,0,0,0,,0.024217702
short,894,0,2,0,,0.041121643
short,895,0,0,0,,0.048944786
short,896,1,0,1,B_sarcasm,0.10669409
short,897,0,0,0,,0.37542045
short,898,0,0,0,,0.6672821
short,899,1,0,1,B_sarcasm,0.5966177
short,900,1,4,0,,0.29099807
short,901,1,2,0,,0.580198
short,902,0,1,0,,0.19335634
short,903,0,3,0,,0.38936895
short,904,0,2,0,,0.47863138
short,905,0,0,0,,0.10554397
short,906,0,1,0,,0.62494314
short,907,1,0,1,B_sarcasm,0.06772097
long,0,1,0,0,,0.054014485
long,1,0,0,0,,0.34018257
long,2,1,0,0,,0.1488118
long,3,2,0,0,,0.12575725
long,4,1,1,0,,0.17628942
long,5,2,1,0,,0.16344193
long,6,0,1,1,A_joking_complaint,0.14933291
long,7,0,0,0,,0.05298118
long,8,0,0,0,,0.18461607
long,9,0,0,0,,0.8469483
long,10,2,0,0,,0.08947722
long,11,0,0,0,,0.88359284
long,12,2,0,0,,0.8932774
long,13,0,0,0,,0.22354534
long,14,0,0,0,,0.27003285
long,15,0,0,0,,0.18918425
long,16,2,1,0,,0.41783887
long,17,1,0,0,,0.5803572
long,18,1,0,0,,0.9585979
long,19,0,0,0,,0.06124285
long,20,1,0,0,,0.06307061
long,21,1,0,0,,0.080933
long,22,0,0,0,,0.2534309
long,23,1,0,0,,0.5074036
long,24,0,2,1,A_joking_complaint,0.13075832
long,25,0,1,1,A_joking_complaint,0.06807051
long,26,2,0,0,,0.07620175
long,27,0,0,0,,0.09177277
long,28,0,1,1,A_joking_complaint,0.09603516
long,29,1,0,0,,0.060270797
long,30,2,0,0,,0.38586095
long,31,0,0,0,,0.12811503
long,32,2,0,0,,0.27890775
long,33,1,0,0,,0.095788114
long,34,0,0,0,,0.86906797
long,35,0,0,0,,0.7585472
long,36,1,0,0,,0.73143524
long,37,3,0,0,,0.27690747
long,38,1,0,0,,0.831552
long,39,0,0,0,,0.5030358
long,40,1,0,0,,0.07224564
long,41,2,2,0,,0.43551764
long,42,2,1,0,,0.3676638
long,43,1,0,0,,0.8980828
long,44,0,0,0,,0.14667825
long,45,0,0,0,,0.945953
long,46,0,0,0,,0.08653235
long,47,0,2,1,A_joking_complaint,0.44141537
long,48,1,0,0,,0.7400647
long,49,3,0,0,,0.96586466
long,50,1,0,0,,0.05713555
long,51,1,0,0,,0.10201586
long,52,1,0,0,,0.40035036
long,53,1,1,0,,0.79341704
long,54,2,0,0,,0.77745444
long,55,3,1,0,,0.18540248
long,56,0,1,1,A_joking_complaint,0.8555947
long,57,3,0,0,,0.91442883
long,58,0,0,0,,0.23388842
long,59,1,1,0,,0.054834396
long,60,0,0,0,,0.79784137
long,61,0,0,0,,0.16761024
long,62,1,0,0,,0.833125
long,63,1,0,0,,0.8639874
long,64,3,0,0,,0.47705433
long,65,0,2,1,A_joking_complaint,0.40892008
long,66,1,0,0,,0.5931213
long,67,0,0,0,,0.07924601
long,68,0,1,1,A_joking_complaint,0.13394402
long,69,3,1,0,,0.18903285
long,70,2,0,0,,0.033786733
long,71,0,0,0,,0.7900755
long,72,0,0,0,,0.050571647
long,73,1,0,0,,0.8179119
long,74,0,0,0,,0.16594483
long,75,1,0,0,,0.14730994
long,76,1,0,0,,0.9593378
long,77,0,4,1,A_joking_complaint,0.1420344
long,78,2,1,0,,0.11827644
long,79,0,0,0,,0.9133259
long,80,1,0,0,,0.97717947
long,81,0,0,0,,0.26689237
long,82,0,1,1,A_joking_complaint,0.7407064
long,83,1,0,0,,0.4300632
long,84,2,0,0,,0.9764072
long,85,1,0,0,,0.95666414
long,86,1,0,0,,0.1484055
long,87,2,0,0,,0.9292203
long,88,1,0,0,,0.14798029
long,89,0,0,0,,0.5381622
long,90,0,2,1,A_joking_complaint,0.16494137
long,91,0,1,1,A_joking_complaint,0.16983943
long,92,1,0,0,,0.6924825
long,93,1,0,0,,0.76261824
long,94,1,0,0,,0.35513616
long,95,0,0,0,,0.9333666
long,96,0,0,0,,0.16300063
long,97,0,1,1,A_joking_complaint,0.11581592
long,98,0,2,1,A_joking_complaint,0.50451547
long,99,2,0,0,,0.32459602
long,100,0,1,1,A_joking_complaint,0.02535859
long,101,0,2,1,A_joking_complaint,0.17221521
long,102,2,0,0,,0.54072547
long,103,0,0,0,,0.11169247
long,104,0,0,0,,0.2165803
long,105,1,2,0,,0.8984438
long,106,0,0,0,,0.07424215
long,107,0,0,0,,0.3011694
long,108,0,0,0,,0.47534084
long,109,0,0,0,,0.7550968
long,110,2,0,0,,0.27225924
long,111,1,0,0,,0.20021926
long,112,0,0,0,,0.29060245
long,113,1,0,0,,0.4659415
long,114,0,1,1,A_joking_complaint,0.28685033
long,115,0,0,0,,0.032893714
long,116,1,0,0,,0.48615155
long,117,0,1,1,A_joking_complaint,0.15158507
long,118,0,0,0,,0.10588786
long,119,0,0,0,,0.14611728
long,120,1,1,0,,0.39442974
long,121,3,0,0,,0.14450006
long,122,1,0,0,,0.97623414
long,123,2,1,0,,0.3657535
long,124,1,0,0,,0.08442219
long,125,1,1,0,,0.7857442
long,126,1,1,0,,0.09764338
long,127,1,1,0,,0.09845361
long,128,1,0,0,,0.10691802
long,129,1,1,0,,0.70182675
long,130,0,0,0,,0.4695675
long,131,2,0,0,,0.16963758
long,132,0,0,0,,0.20865767
long,133,1,0,0,,0.38630226
long,134,0,0,0,,0.4499298
long,135,2,0,0,,0.086271696
long,136,2,0,0,,0.24770656
long,137,1,0,0,,0.114929385
long,138,0,1,1,A_joking_complaint,0.08134446
long,139,0,0,0,,0.64274603
long,140,1,0,0,,0.72214407
long,141,0,0,0,,0.13067617
long,142,2,0,0,,0.16664569
long,143,1,0,0,,0.21714392
long,144,2,0,0,,0.39472228
long,145,2,1,0,,0.61843884
long,146,2,0,0,,0.748304
long,147,0,1,1,A_joking_complaint,0.08520463
long,148,0,5,1,A_joking_complaint,0.27922496
long,149,0,0,0,,0.5243128
long,150,1,0,0,,0.820523
long,151,0,0,0,,0.79078555
long,152,0,0,0,,0.17393687
long,153,0,0,0,,0.047533296
long,154,0,0,0,,0.021042962
long,155,0,2,1,A_joking_complaint,0.22804576
long,156,2,0,0,,0.21429405
long,157,0,0,0,,0.08872228
long,158,2,0,0,,0.19551183
long,159,0,0,0,,0.13336055
long,160,1,2,0,,0.07862676
long,161,1,1,0,,0.49487185
long,162,1,0,0,,0.38610154
long,163,0,0,0,,0.22839083
long,164,0,0,0,,0.0872253
long,165,1,0,0,,0.13952912
long,166,0,0,0,,0.12832844
long,167,1,0,0,,0.1739651
long,168,0,1,1,A_joking_complaint,0.35994273
long,169,2,0,0,,0.026393916
long,170,2,0,0,,0.55826455
long,171,1,0,0,,0.6653232
long,172,2,1,0,,0.24171959
long,173,0,0,0,,0.35242832
long,174,1,0,0,,0.34906054
long,175,0,1,1,A_joking_complaint,0.10499005
long,176,0,1,1,A_joking_complaint,0.5879443
long,177,4,0,0,,0.8826477
long,178,1,0,0,,0.9324596
long,179,0,0,0,,0.040397696
long,180,1,0,0,,0.97397286
long,181,0,0,0,,0.053953767
long,182,1,1,0,,0.32395798
long,183,0,0,0,,0.6534657
long,184,2,1,0,,0.8576212
long,185,3,1,0,,0.043269537
long,186,0,0,0,,0.3920468
long,187,0,0,0,,0.02538473
long,188,1,0,0,,0.11477169
long,189,1,0,0,,0.04266656
long,190,2,0,0,,0.81405383
long,191,1,1,0,,0.38910356
long,192,2,0,0,,0.08928324
long,193,1,0,0,,0.1066391
long,194,1,0,0,,0.23363036
long,195,0,0,0,,0.06433376
long,196,4,0,0,,0.08198893
long,197,0,2,1,A_joking_complaint,0.39294705
long,198,0,0,0,,0.30136898
long,199,1,0,0,,0.32743058
long,200,3,0,0,,0.31815666
long,201,3,1,0,,0.17906035
long,202,0,0,0,,0.38605872
long,203,0,0,0,,0.3321372
long,204,2,0,0,,0.800113
long,205,1,0,0,,0.17060201
long,206,0,0,0,,0.44309628
long,207,1,0,0,,0.26470125
long,208,3,0,0,,0.13338946
long,209,0,1,1,A_joking_complaint,0.06204632
long,210,1,0,0,,0.4910204
long,211,0,0,0,,0.034800395
long,212,0,0,0,,0.09112742
long,213,3,0,0,,0.46239224
long,214,1,0,0,,0.44158885
long,215,1,0,0,,0.8527297
long,216,2,0,0,,0.5937621
long,217,0,1,1,A_joking_complaint,0.37164846
long,218,1,0,0,,0.13306856
long,219,0,1,1,A_joking_complaint,0.056354642
long,220,1,0,0,,0.2026687
long,221,0,0,0,,0.7188182
long,222,0,0,0,,0.08103657
long,223,0,0,0,,0.10969887
long,224,3,0,0,,0.05561087
long,225,0,1,1,A_joking_complaint,0.9447434
long,226,1,0,0,,0.290579
long,227,1,2,0,,0.117595315
long,228,1,1,0,,0.079727
long,229,2,1,0,,0.70687485
long,230,0,0,0,,0.3881891
long,231,1,0,0,,0.0989852
long,232,0,0,0,,0.04328849
long,233,3,0,0,,0.1947063
long,234,4,0,0,,0.3210073
long,235,1,0,0,,0.94061196
long,236,1,2,0,,0.037000142
long,237,2,0,0,,0.5665895
long,238,1,0,0,,0.81336075
long,239,0,0,0,,0.0459917
long,240,2,0,0,,0.8970078
long,241,0,0,0,,0.3122609
long,242,1,0,0,,0.15160963
long,243,1,0,0,,0.7491648
long,244,0,1,1,A_joking_complaint,0.48677322
long,245,0,0,0,,0.2619381
long,246,0,0,0,,0.25972217
long,247,1,0,0,,0.06503322
long,248,1,0,0,,0.11072633
long,249,2,0,0,,0.99065334
long,250,0,0,0,,0.8552047
long,251,0,0,0,,0.8111162
long,252,0,0,0,,0.065362915
long,253,1,0,0,,0.023337904
long,254,0,0,0,,0.12819661
long,255,1,0,0,,0.4422556
long,256,1,0,0,,0.9024807
long,257,0,3,1,A_joking_complaint,0.8639491
long,258,1,0,0,,0.0876343
long,259,1,0,0,,0.268421
long,260,2,1,0,,0.05960863
long,261,0,0,0,,0.11143694
long,262,2,1,0,,0.24157737
long,263,1,0,0,,0.9811287
long,264,0,2,1,A_joking_complaint,0.051103953
long,265,2,0,0,,0.16276008
long,266,2,0,0,,0.9443702
long,267,2,0,0,,0.3846028
long,268,1,0,0,,0.909617
long,269,0,0,0,,0.50541306
long,270,0,0,0,,0.45628285
long,271,2,0,0,,0.5821439
long,272,2,0,0,,0.08576695
long,273,3,0,0,,0.8255782
long,274,1,0,0,,0.03190223
long,275,0,1,1,A_joking_complaint,0.15454385
long,276,0,1,1,A_joking_complaint,0.95197266
long,277,1,0,0,,0.9117047
long,278,2,0,0,,0.06651486
long,279,1,3,0,,0.11102488
long,280,3,0,0,,0.80329263
long,281,3,0,0,,0.5800573
long,282,1,1,0,,0.61961687
long,283,0,2,1,A_joking_complaint,0.12905648
long,284,1,0,0,,0.05761775
long,285,0,1,1,A_joking_complaint,0.06605099
long,286,2,0,0,,0.13942195
long,287,1,0,0,,0.8177182
long,288,1,1,0,,0.036500655
long,289,0,1,1,A_joking_complaint,0.057512555
long,290,0,0,0,,0.40161777
long,291,1,1,0,,0.10522817
long,292,0,0,0,,0.153943
long,293,0,0,0,,0.033234525
long,294,0,2,1,A_joking_complaint,0.2858961
long,295,1,0,0,,0.6053983
long,296,1,0,0,,0.9269688
long,297,1,2,0,,0.18541265
long,298,1,0,0,,0.22200766
long,299,2,2,0,,0.6788897
long,300,1,0,0,,0.3121238
long,301,0,0,0,,0.084214605
long,302,1,0,0,,0.035851892
long,303,1,0,0,,0.081187986
long,304,1,0,0,,0.4850266
long,305,1,0,0,,0.084396936
long,306,0,0,0,,0.07003574
long,307,1,0,0,,0.031713612
long,308,0,0,0,,0.5498761
long,309,0,0,0,,0.29860422
long,310,0,0,0,,0.5393235
long,311,1,0,0,,0.29937822
long,312,0,0,0,,0.28423306
long,313,0,0,0,,0.1356238
long,314,1,1,0,,0.2921154
long,315,1,0,0,,0.41973445
long,316,0,1,1,A_joking_complaint,0.501242
long,317,0,0,0,,0.12488624
long,318,0,0,0,,0.9614579
long,319,2,1,0,,0.5902104
long,320,1,0,0,,0.9124475
long,321,0,0,0,,0.029551262
long,322,0,0,0,,0.09782278
long,323,1,0,0,,0.085262775
long,324,1,0,0,,0.07701474
long,325,1,0,0,,0.6588073
long,326,1,1,0,,0.289153
long,327,0,1,1,A_joking_complaint,0.3734457
long,328,2,1,0,,0.13280177
long,329,1,2,0,,0.026250763
long,330,0,0,0,,0.7972258
long,331,0,0,0,,0.092725255
long,332,3,0,0,,0.36690262
long,333,0,1,1,A_joking_complaint,0.29880327
long,334,0,0,0,,0.2553536
long,335,1,0,0,,0.090778396
long,336,0,0,0,,0.10134242
long,337,1,0,0,,0.11121697
long,338,2,0,0,,0.65928066
long,339,0,0,0,,0.1479071
long,340,0,0,0,,0.5278443
long,341,2,1,0,,0.14226277
long,342,3,0,0,,0.38811192
long,343,0,0,0,,0.83154196
long,344,0,0,0,,0.56072944
long,345,4,0,0,,0.9625845
long,346,2,0,0,,0.8684466
long,347,1,1,0,,0.5708462
long,348,1,0,0,,0.076050036
long,349,1,0,0,,0.66917557
long,350,2,0,0,,0.5706325
long,351,1,0,0,,0.23991051
long,352,0,0,0,,0.02974206
long,353,0,1,1,A_joking_complaint,0.5206612
long,354,2,0,0,,0.0821886
long,355,1,1,0,,0.17839313
long,356,0,0,0,,0.44232082
long,357,0,0,0,,0.6358237
long,358,2,0,0,,0.61558086
long,359,1,0,0,,0.3737782
long,360,0,0,0,,0.15150586
long,361,1,2,0,,0.23214433
long,362,0,0,0,,0.048894547
long,363,0,0,0,,0.06478887
long,364,0,2,1,A_joking_complaint,0.13537708
long,365,1,0,0,,0.2660957
long,366,0,0,0,,0.04483497
long,367,1,0,0,,0.3972156
long,368,1,0,0,,0.96438485
long,369,1,0,0,,0.14797361
long,370,0,1,1,A_joking_complaint,0.5169719
long,371,4,0,0,,0.48069483
long,372,1,0,0,,0.19266775
long,373,1,0,0,,0.8289663
long,374,2,1,0,,0.6329797
long,375,2,0,0,,0.8766893
long,376,2,0,0,,0.36964637
long,377,0,0,0,,0.09530069
long,378,0,0,0,,0.45007327
long,379,0,0,0,,0.030352794
long,380,0,0,0,,0.18323582
long,381,1,1,0,,0.07132385
long,382,1,0,0,,0.92988575
long,383,0,0,0,,0.2928117
long,384,2,0,0,,0.15247937
long,385,0,0,0,,0.07804785
long,386,0,3,1,A_joking_complaint,0.21481514
long,387,1,0,0,,0.8119152
long,388,1,1,0,,0.7893746
long,389,0,0,0,,0.09607711
long,390,0,0,0,,0.22207558
long,391,1,0,0,,0.47462186
long,392,0,1,1,A_joking_complaint,0.22286695
long,393,2,0,0,,0.20725916
long,394,2,0,0,,0.16289128
long,395,1,0,0,,0.34843653
long,396,2,0,0,,0.07003875
long,397,2,0,0,,0.9433436
long,398,2,0,0,,0.5852303
long,399,1,0,0,,0.67484814
long,400,0,0,0,,0.66492945
long,401,1,1,0,,0.037259072
long,402,2,0,0,,0.6026878
long,403,0,1,1,A_joking_complaint,0.37325227
long,404,3,0,0,,0.94373643
long,405,0,0,0,,0.25900105
long,406,2,0,0,,0.97487646
long,407,1,0,0,,0.08528978
long,408,0,1,1,A_joking_complaint,0.058087323
long,409,0,0,0,,0.32626867
long,410,0,1,1,A_joking_complaint,0.043160018
long,411,0,0,0,,0.2506895
long,412,2,1,0,,0.9267402
long,413,0,0,0,,0.057853304
long,414,0,0,0,,0.26184312
long,415,0,0,0,,0.11308972
long,416,0,0,0,,0.2820299
long,417,1,1,0,,0.344782
long,418,0,1,1,A_joking_complaint,0.53006095
long,419,0,0,0,,0.1731033
long,420,2,1,0,,0.9043857
long,421,3,1,0,,0.2882604
long,422,1,0,0,,0.84931165
long,423,1,1,0,,0.055692513
long,424,1,0,0,,0.69320613
long,425,1,1,0,,0.8793292
long,426,1,0,0,,0.060092602
long,427,0,0,0,,0.19243246
long,428,0,0,0,,0.14053674
long,429,3,0,0,,0.7232484
long,430,3,1,0,,0.594613
long,431,2,0,0,,0.24133737
long,432,2,0,0,,0.9408446
long,433,4,0,0,,0.9429123
long,434,0,0,0,,0.099351525
long,435,0,0,0,,0.09380019
long,436,1,0,0,,0.13208905
long,437,1,0,0,,0.6191448
long,438,0,0,0,,0.5187878
long,439,1,0,0,,0.1675448
long,440,0,0,0,,0.98457474
long,441,1,0,0,,0.14625905
long,442,0,0,0,,0.101108156
long,443,1,0,0,,0.23115072
long,444,1,0,0,,0.3763555
long,445,1,0,0,,0.4716822
long,446,0,0,0,,0.059056688
long,447,1,2,0,,0.1766934
long,448,0,0,0,,0.05319837
long,449,0,0,0,,0.06282166
long,450,1,0,0,,0.0855113
long,451,1,0,0,,0.25525123
long,452,2,0,0,,0.055426694
long,453,1,0,0,,0.73068583
long,454,1,2,0,,0.32792747
long,455,0,1,0,,0.278787
long,456,1,0,1,B_sarcasm,0.06555091
long,457,0,0,0,,0.32655707
long,458,0,1,0,,0.34511656
long,459,0,0,0,,0.4542843
long,460,1,0,1,B_sarcasm,0.1206869
long,461,1,1,0,,0.04645986
long,462,0,1,0,,0.21993071
long,463,1,3,0,,0.76300836
long,464,0,2,0,,0.39710227
long,465,1,1,0,,0.33398384
long,466,0,1,0,,0.60604715
long,467,0,0,0,,0.16793518
long,468,1,0,1,B_sarcasm,0.6706954
long,469,1,0,1,B_sarcasm,0.3222012
long,470,0,2,0,,0.25461876
long,471,0,0,0,,0.20480077
long,472,1,1,0,,0.24752742
long,473,2,0,1,B_sarcasm,0.4370154
long,474,0,1,0,,0.2795916
long,475,0,0,0,,0.057981394
long,476,0,2,0,,0.16529854
long,477,1,0,1,B_sarcasm,0.045527324
long,478,1,0,1,B_sarcasm,0.043890044
long,479,0,1,0,,0.62311244
long,480,0,0,0,,0.05096201
long,481,0,0,0,,0.58334494
long,482,0,0,0,,0.25822693
long,483,1,0,1,B_sarcasm,0.86333925
long,484,0,0,0,,0.19519022
long,485,1,0,1,B_sarcasm,0.029914277
long,486,1,1,0,,0.44879785
long,487,3,0,1,B_sarcasm,0.21503612
long,488,0,1,0,,0.14208357
long,489,2,1,0,,0.6933684
long,490,0,1,0,,0.8847043
long,491,0,1,0,,0.07272076
long,492,0,2,0,,0.034069717
long,493,1,1,0,,0.8401459
long,494,0,0,0,,0.97240597
long,495,1,2,0,,0.14402267
long,496,3,0,1,B_sarcasm,0.050220206
long,497,1,0,1,B_sarcasm,0.12823601
long,498,0,1,0,,0.04992641
long,499,0,1,0,,0.12649901
long,500,1,1,0,,0.25376457
long,501,0,1,0,,0.033338513
long,502,0,1,0,,0.11330584
long,503,0,1,0,,0.15137386
long,504,0,0,0,,0.839102
long,505,0,0,0,,0.040568054
long,506,0,0,0,,0.1565042
long,507,0,0,0,,0.61598605
long,508,0,0,0,,0.18907666
long,509,0,0,0,,0.08624703
long,510,1,0,1,B_sarcasm,0.24348241
long,511,0,0,0,,0.061979167
long,512,0,3,0,,0.1144002
long,513,0,2,0,,0.23345608
long,514,2,1,0,,0.10817998
long,515,3,0,1,B_sarcasm,0.45712692
long,516,0,0,0,,0.6077673
long,517,0,0,0,,0.31917045
long,518,0,0,0,,0.20350085
long,519,0,0,0,,0.08220291
long,520,0,2,0,,0.058818877
long,521,1,1,0,,0.3322284
long,522,0,0,0,,0.21709394
long,523,0,0,0,,0.6132012
long,524,0,0,0,,0.17730407
long,525,1,0,1,B_sarcasm,0.46362203
long,526,3,0,1,B_sarcasm,0.058898672
long,527,0,0,0,,0.030579263
long,528,6,0,1,B_sarcasm,0.4806656
long,529,1,2,0,,0.28700814
long,530,0,4,0,,0.14696108
long,531,2,2,0,,0.6985948
long,532,0,1,0,,0.7156587
long,533,2,1,0,,0.2704726
long,534,0,1,0,,0.119010195
long,535,1,1,0,,0.06490174
long,536,1,2,0,,0.1746514
long,537,0,0,0,,0.4475558
long,538,0,0,0,,0.113359675
long,539,1,2,0,,0.08223763
long,540,1,0,1,B_sarcasm,0.65619993
long,541,0,1,0,,0.5973201
long,542,4,0,1,B_sarcasm,0.057882786
long,543,1,0,1,B_sarcasm,0.11643691
long,544,0,1,0,,0.4332997
long,545,0,1,0,,0.07451031
long,546,1,0,1,B_sarcasm,0.31714976
long,547,1,2,0,,0.059079126
long,548,2,1,0,,0.12405804
long,549,1,2,0,,0.49072638
long,550,0,0,0,,0.32106826
long,551,1,1,0,,0.9114617
long,552,1,1,0,,0.8356665
long,553,0,0,0,,0.10976992
long,554,0,0,0,,0.6409333
long,555,2,0,1,B_sarcasm,0.57869685
long,556,0,0,0,,0.3212866
long,557,1,0,1,B_sarcasm,0.36386114
long,558,0,1,0,,0.17525819
long,559,1,0,1,B_sarcasm,0.034025118
long,560,0,3,0,,0.08189892
long,561,2,1,0,,0.16174649
long,562,1,0,1,B_sarcasm,0.13484126
long,563,0,1,0,,0.3543994
long,564,1,1,0,,0.12037978
long,565,1,1,0,,0.08729518
long,566,0,0,0,,0.040266585
long,567,0,1,0,,0.21406354
long,568,2,1,0,,0.048820447
long,569,0,0,0,,0.055135928
long,570,1,1,0,,0.08279366
long,571,0,1,0,,0.1489301
long,572,1,2,0,,0.12124211
long,573,0,3,0,,0.43038166
long,574,1,2,0,,0.51352555
long,575,0,0,0,,0.43106535
long,576,1,0,1,B_sarcasm,0.22399336
long,577,0,1,0,,0.28795364
long,578,0,0,0,,0.8273006
long,579,0,1,0,,0.054108456
long,580,0,1,0,,0.2410818
long,581,0,3,0,,0.524429
long,582,0,0,0,,0.34517127
long,583,1,3,0,,0.6422694
long,584,0,2,0,,0.19353683
long,585,0,1,0,,0.0612689
long,586,0,0,0,,0.6854399
long,587,0,1,0,,0.41383213
long,588,0,1,0,,0.61054665
long,589,0,2,0,,0.30969316
long,590,1,0,1,B_sarcasm,0.6635837
long,591,0,0,0,,0.5149363
long,592,1,0,1,B_sarcasm,0.13912627
long,593,1,1,0,,0.40193564
long,594,0,1,0,,0.81135803
long,595,1,0,1,B_sarcasm,0.114353724
long,596,0,1,0,,0.14143315
long,597,1,0,1,B_sarcasm,0.028293665
long,598,0,1,0,,0.08698742
long,599,0,0,0,,0.31046313
long,600,0,0,0,,0.367938
long,601,0,0,0,,0.13930835
long,602,0,0,0,,0.093004845
long,603,2,0,1,B_sarcasm,0.21038388
long,604,1,0,1,B_sarcasm,0.56902486
long,605,1,0,1,B_sarcasm,0.6308599
long,606,1,1,0,,0.26375425
long,607,1,0,1,B_sarcasm,0.12835382
long,608,0,1,0,,0.02841557
long,609,0,2,0,,0.15145785
long,610,0,1,0,,0.1510304
long,611,0,0,0,,0.13733314
long,612,2,1,0,,0.91647166
long,613,1,0,1,B_sarcasm,0.25221083
long,614,0,1,0,,0.31770077
long,615,0,1,0,,0.63868695
long,616,0,2,0,,0.3023491
long,617,0,0,0,,0.2937211
long,618,2,1,0,,0.10923858
long,619,0,0,0,,0.33651167
long,620,0,1,0,,0.67099386
long,621,0,1,0,,0.726033
long,622,0,0,0,,0.15816556
long,623,1,0,1,B_sarcasm,0.60225254
long,624,0,0,0,,0.20555468
long,625,0,1,0,,0.051125456
long,626,0,1,0,,0.060558867
long,627,0,0,0,,0.18780813
long,628,0,1,0,,0.04965275
long,629,0,1,0,,0.20187047
long,630,0,0,0,,0.20136848
long,631,0,2,0,,0.03922467
long,632,1,2,0,,0.96155757
long,633,1,0,1,B_sarcasm,0.5400081
long,634,1,1,0,,0.31811795
long,635,1,1,0,,0.35045743
long,636,1,2,0,,0.72440296
long,637,0,3,0,,0.25847596
long,638,0,2,0,,0.38416493
long,639,1,2,0,,0.16590634
long,640,2,0,1,B_sarcasm,0.16698469
long,641,1,1,0,,0.29383463
long,642,0,0,0,,0.15821429
long,643,1,2,0,,0.021204904
long,644,1,0,1,B_sarcasm,0.47704896
long,645,0,1,0,,0.072264194
long,646,1,0,1,B_sarcasm,0.8961557
long,647,0,1,0,,0.19907667
long,648,1,1,0,,0.40414658
long,649,0,0,0,,0.30433542
long,650,0,1,0,,0.72059584
long,651,1,0,1,B_sarcasm,0.69088906
long,652,0,0,0,,0.7594491
long,653,0,0,0,,0.063411556
long,654,0,1,0,,0.3796947
long,655,0,1,0,,0.17977718
long,656,0,0,0,,0.19806175
long,657,0,1,0,,0.65934575
long,658,1,1,0,,0.51256675
long,659,0,1,0,,0.1545025
long,660,0,0,0,,0.14811295
long,661,2,0,1,B_sarcasm,0.2507578
long,662,0,2,0,,0.087314256
long,663,0,0,0,,0.22967525
long,664,1,2,0,,0.78068525
long,665,0,0,0,,0.16762054
long,666,0,1,0,,0.43729845
long,667,0,1,0,,0.41657135
long,668,2,0,1,B_sarcasm,0.38914537
long,669,0,0,0,,0.28651837
long,670,0,0,0,,0.13429883
long,671,0,0,0,,0.17679262
long,672,0,1,0,,0.23419453
long,673,0,1,0,,0.122854844
long,674,0,1,0,,0.19673574
long,675,1,0,1,B_sarcasm,0.55698216
long,676,0,0,0,,0.21902935
long,677,1,1,0,,0.32244083
long,678,0,1,0,,0.13342461
long,679,0,0,0,,0.87613535
long,680,0,0,0,,0.6591136
long,681,0,0,0,,0.28662342
long,682,1,2,0,,0.051165268
long,683,0,0,0,,0.12145158
long,684,0,1,0,,0.8996854
long,685,1,1,0,,0.020751197
long,686,0,0,0,,0.05887957
long,687,0,0,0,,0.11053651
long,688,0,0,0,,0.20596015
long,689,2,0,1,B_sarcasm,0.6860581
long,690,1,0,1,B_sarcasm,0.53647935
long,691,1,0,1,B_sarcasm,0.08295842
long,692,0,0,0,,0.38202822
long,693,1,1,0,,0.7498315
long,694,0,1,0,,0.93979245
long,695,0,1,0,,0.16209988
long,696,0,2,0,,0.28438163
long,697,1,0,1,B_sarcasm,0.13495938
long,698,0,0,0,,0.089456655
long,699,1,0,1,B_sarcasm,0.26748517
long,700,3,1,0,,0.24780788
long,701,1,1,0,,0.09693222
long,702,1,1,0,,0.11171388
long,703,0,0,0,,0.23219527
long,704,2,0,1,B_sarcasm,0.397818
long,705,1,1,0,,0.42179886
long,706,0,1,0,,0.22824499
long,707,0,1,0,,0.25542817
long,708,0,0,0,,0.3078018
long,709,1,1,0,,0.74923426
long,710,0,1,0,,0.08226779
long,711,0,1,0,,0.049734283
long,712,1,3,0,,0.120570354
long,713,0,0,0,,0.17150962
long,714,0,2,0,,0.07935848
long,715,0,2,0,,0.048313413
long,716,0,1,0,,0.73705083
long,717,0,0,0,,0.571935
long,718,0,2,0,,0.110932454
long,719,0,1,0,,0.45714068
long,720,0,0,0,,0.71089
long,721,0,0,0,,0.08514338
long,722,1,1,0,,0.09502497
long,723,0,0,0,,0.566067
long,724,1,0,1,B_sarcasm,0.18686228
long,725,0,1,0,,0.28811
long,726,0,0,0,,0.3585644
long,727,0,1,0,,0.54906505
long,728,0,0,0,,0.3605361
long,729,0,0,0,,0.22239895
long,730,0,3,0,,0.030135073
long,731,1,0,1,B_sarcasm,0.4406266
long,732,1,0,1,B_sarcasm,0.062074237
long,733,1,0,1,B_sarcasm,0.046654567
long,734,0,1,0,,0.06760631
long,735,2,0,1,B_sarcasm,0.51853746
long,736,0,0,0,,0.59856933
long,737,0,1,0,,0.47557586
long,738,0,2,0,,0.28692478
long,739,0,0,0,,0.45129248
long,740,0,1,0,,0.24504676
long,741,0,1,0,,0.16859703
long,742,0,1,0,,0.5245912
long,743,0,2,0,,0.4118734
long,744,1,1,0,,0.25785714
long,745,0,1,0,,0.034703974
long,746,0,0,0,,0.33753857
long,747,0,0,0,,0.53795826
long,748,0,2,0,,0.1733238
long,749,0,0,0,,0.41354167
long,750,0,1,0,,0.731714
long,751,1,0,1,B_sarcasm,0.11766182
long,752,0,1,0,,0.05885463
long,753,0,1,0,,0.11752104
long,754,1,1,0,,0.2536653
long,755,1,0,1,B_sarcasm,0.060938615
long,756,1,0,1,B_sarcasm,0.08266565
long,757,0,0,0,,0.47810662
long,758,0,0,0,,0.11681388
long,759,1,1,0,,0.90238434
long,760,0,1,0,,0.27973157
long,761,0,5,0,,0.1776548
long,762,1,0,1,B_sarcasm,0.10050829
long,763,1,1,0,,0.20452116
long,764,1,0,1,B_sarcasm,0.063107535
long,765,0,0,0,,0.09748689
long,766,1,0,1,B_sarcasm,0.89783585
long,767,0,0,0,,0.03989255
long,768,1,0,1,B_sarcasm,0.126446
long,769,0,2,0,,0.11751702
long,770,0,0,0,,0.22800711
long,771,1,0,1,B_sarcasm,0.6769343
long,772,0,0,0,,0.4023397
long,773,0,0,0,,0.10128926
long,774,0,1,0,,0.14344834
long,775,1,0,1,B_sarcasm,0.28968868
long,776,0,1,0,,0.5562365
long,777,0,0,0,,0.25254592
long,778,1,2,0,,0.44959807
long,779,1,1,0,,0.7881175
long,780,0,0,0,,0.75377166
long,781,1,2,0,,0.53191006
long,782,0,0,0,,0.44447207
long,783,1,1,0,,0.5930715
long,784,1,0,1,B_sarcasm,0.46321392
long,785,1,2,0,,0.103614174
long,786,0,1,0,,0.10117129
long,787,0,1,0,,0.5484984
long,788,0,1,0,,0.44738615
long,789,0,0,0,,0.35988724
long,790,0,0,0,,0.18306522
long,791,0,1,0,,0.38026476
long,792,0,0,0,,0.24019699
long,793,1,1,0,,0.19462532
long,794,0,0,0,,0.28448984
long,795,0,1,0,,0.23439111
long,796,1,3,0,,0.03963486
long,797,1,1,0,,0.83842784
long,798,2,1,0,,0.47951832
long,799,0,1,0,,0.54373366
long,800,0,2,0,,0.76907635
long,801,0,0,0,,0.4065488
long,802,0,2,0,,0.13898887
long,803,1,0,1,B_sarcasm,0.2265475
long,804,0,0,0,,0.071936086
long,805,0,1,0,,0.12743692
long,806,0,1,0,,0.22473904
long,807,0,3,0,,0.08562575
long,808,1,0,1,B_sarcasm,0.05106242
long,809,0,1,0,,0.3221306
long,810,0,1,0,,0.18613571
long,811,1,0,1,B_sarcasm,0.40144643
long,812,1,0,1,B_sarcasm,0.11759705
long,813,0,0,0,,0.54910105
long,814,1,2,0,,0.07666864
long,815,1,0,1,B_sarcasm,0.18035822
long,816,1,1,0,,0.036332343
long,817,1,1,0,,0.35454378
long,818,0,2,0,,0.14968543
long,819,0,0,0,,0.7647562
long,820,1,2,0,,0.05239779
long,821,1,0,1,B_sarcasm,0.19474295
long,822,1,0,1,B_sarcasm,0.037800223
long,823,3,4,0,,0.086125135
long,824,0,1,0,,0.14614251
long,825,0,3,0,,0.061254438
long,826,1,1,0,,0.5640217
long,827,0,0,0,,0.17054495
long,828,0,0,0,,0.37450805
long,829,1,2,0,,0.4911068
long,830,0,0,0,,0.102016516
long,831,1,0,1,B_sarcasm,0.21196593
long,832,1,0,1,B_sarcasm,0.6526343
long,833,0,0,0,,0.71290404
long,834,0,2,0,,0.27430984
long,835,5,0,1,B_sarcasm,0.7925313
long,836,2,1,0,,0.59530604
long,837,0,0,0,,0.48824373
long,838,0,0,0,,0.92465746
long,839,1,0,1,B_sarcasm,0.9665659
long,840,0,1,0,,0.16355413
long,841,0,1,0,,0.406315
long,842,0,0,0,,0.06933986
long,843,0,0,0,,0.080493264
long,844,0,3,0,,0.15620878
long,845,1,0,1,B_sarcasm,0.42011586
long,846,1,1,0,,0.19473694
long,847,0,0,0,,0.05560756
long,848,1,0,1,B_sarcasm,0.23952083
long,849,0,1,0,,0.09803622
long,850,0,1,0,,0.67066014
long,851,1,3,0,,0.7011575
long,852,1,2,0,,0.33914644
long,853,0,0,0,,0.32223696
long,854,0,3,0,,0.112710506
long,855,0,1,0,,0.19005586
long,856,0,1,0,,0.22694857
long,857,1,2,0,,0.08648948
long,858,1,2,0,,0.054041184
long,859,0,3,0,,0.14946613
long,860,0,0,0,,0.51446104
long,861,1,1,0,,0.1509989
long,862,0,1,0,,0.10128329
long,863,0,0,0,,0.34765702
long,864,0,2,0,,0.31430256
long,865,0,2,0,,0.3966233
long,866,0,2,0,,0.49830365
long,867,0,0,0,,0.08756852
long,868,1,1,0,,0.24228835
long,869,0,1,0,,0.09720957
long,870,0,1,0,,0.09939894
long,871,0,0,0,,0.5641679
long,872,1,0,1,B_sarcasm,0.047751695
long,873,0,0,0,,0.11685672
long,874,1,0,1,B_sarcasm,0.24074696
long,875,1,0,1,B_sarcasm,0.042734403
long,876,1,0,1,B_sarcasm,0.87777174
long,877,1,1,0,,0.6752683
long,878,0,0,0,,0.59092367
long,879,1,0,1,B_sarcasm,0.26750168
long,880,0,0,0,,0.0965716
long,881,0,0,0,,0.14981574
long,882,0,0,0,,0.5804196
long,883,1,0,1,B_sarcasm,0.15314719
long,884,1,1,0,,0.48054978
long,885,2,0,1,B_sarcasm,0.45104545
long,886,1,1,0,,0.06539725
long,887,0,1,0,,0.3467675
long,888,0,1,0,,0.31167322
long,889,0,1,0,,0.10709835
long,890,0,0,0,,0.14706963
long,891,0,4,0,,0.7982711
long,892,0,1,0,,0.87846774
long,893,0,2,0,,0.8228984
long,894,0,0,0,,0.26795098
long,895,1,0,1,B_sarcasm,0.64807415
long,896,0,1,0,,0.48680374
long,897,0,0,0,,0.030624004
long,898,1,1,0,,0.2806436
long,899,0,2,0,,0.09417573
long,900,2,0,1,B_sarcasm,0.09126904
long,901,0,2,0,,0.76331437
long,902,0,0,0,,0.060669072
long,903,0,0,0,,0.102351435
long,904,0,2,0,,0.17605306
long,905,0,0,0,,0.81043553
long,906,1,2,0,,0.88634795
long,907,0,2,0,,0.2657337
