split,idx,lex_pos,lex_neg,pragmatic,pragmatic_dir,irony_prob
within,0,2,0,0,,0.9260323
within,1,1,1,0,,0.6049205
within,2,2,0,0,,0.071420915
within,3,1,0,0,,0.4035241
within,4,1,0,0,,0.06636569
within,5,1,0,0,,0.057367593
within,6,0,0,0,,0.39790133
within,7,1,0,0,,0.6588774
within,8,1,1,0,,0.23259333
within,9,1,2,0,,0.38018206
within,10,3,1,0,,0.84043103
within,11,0,0,0,,0.4530472
within,12,2,0,0,,0.5975474
within,13,2,0,0,,0.36425588
within,14,0,0,0,,0.12578045
within,15,0,0,0,,0.078032725
within,16,0,1,1,A_joking_complaint,0.1919013
within,17,0,0,0,,0.7322223
within,18,0,0,0,,0.8258194
within,19,1,0,0,,0.068221934
within,20,3,3,0,,0.12769653
within,21,0,0,0,,0.055821422
within,22,0,0,0,,0.7586098
within,23,1,1,0,,0.07558971
within,24,1,0,0,,0.27467793
within,25,1,0,0,,0.05809829
within,26,2,0,0,,0.1433024
within,27,1,0,0,,0.57330644
within,28,0,0,0,,0.1131035
within,29,1,1,0,,0.048000224
within,30,3,1,0,,0.18754525
within,31,1,1,0,,0.31489664
within,32,0,0,0,,0.14609559
within,33,1,0,0,,0.08681536
within,34,1,0,0,,0.95064807
within,35,1,0,0,,0.46237436
within,36,0,0,0,,0.030301228
within,37,0,1,1,A_joking_complaint,0.054123707
within,38,2,0,0,,0.071799226
within,39,0,0,0,,0.05806401
within,40,0,0,0,,0.08015172
within,41,1,0,0,,0.7740304
within,42,1,1,0,,0.17915137
within,43,1,0,0,,0.092014045
within,44,0,0,0,,0.4192154
within,45,0,0,0,,0.06565223
within,46,2,2,0,,0.71179026
within,47,0,1,1,A_joking_complaint,0.43699732
within,48,1,1,0,,0.67012244
within,49,0,0,0,,0.09783591
within,50,1,0,0,,0.48928243
within,51,0,0,0,,0.44599712
within,52,1,0,0,,0.33052865
within,53,1,0,0,,0.14012042
within,54,2,1,0,,0.7862112
within,55,0,2,1,A_joking_complaint,0.76934433
within,56,1,0,0,,0.18639074
within,57,1,0,0,,0.03249116
within,58,4,0,0,,0.123398826
within,59,0,0,0,,0.07240433
within,60,0,0,0,,0.2821452
within,61,1,0,0,,0.7167503
within,62,1,0,0,,0.09401874
within,63,0,0,0,,0.34733555
within,64,0,0,0,,0.5187316
within,65,2,0,0,,0.16891962
within,66,2,0,0,,0.42660615
within,67,0,1,1,A_joking_complaint,0.11913802
within,68,2,0,0,,0.19375765
within,69,0,0,0,,0.12813261
within,70,0,0,0,,0.04184165
within,71,2,2,0,,0.0728278
within,72,2,0,0,,0.47351453
within,73,1,0,0,,0.09320648
within,74,2,1,0,,0.5041647
within,75,1,2,0,,0.5785626
within,76,0,0,0,,0.8254084
within,77,1,0,0,,0.8462683
within,78,1,0,0,,0.32332227
within,79,0,0,0,,0.32809716
within,80,1,0,0,,0.09626801
within,81,0,0,0,,0.3539772
within,82,1,0,0,,0.18370093
within,83,0,0,0,,0.8844244
within,84,1,0,0,,0.3537246
within,85,0,2,1,A_joking_complaint,0.6737685
within,86,1,0,0,,0.8167707
within,87,1,0,0,,0.26822266
within,88,0,0,0,,0.061749883
within,89,2,0,0,,0.043104794
within,90,0,0,0,,0.035319574
within,91,2,0,0,,0.07816037
within,92,1,0,0,,0.11045067
within,93,2,0,0,,0.042679638
within,94,0,0,0,,0.805275
within,95,0,0,0,,0.15816174
within,96,0,2,1,A_joking_complaint,0.3742462
within,97,0,0,0,,0.48521364
within,98,0,0,0,,0.10311369
within,99,1,0,0,,0.1981104
within,100,0,1,1,A_joking_complaint,0.89370257
within,101,2,0,0,,0.12085698
within,102,0,0,0,,0.56523436
within,103,0,1,1,A_joking_complaint,0.034519292
within,104,3,0,0,,0.1048932
within,105,2,1,0,,0.2826159
within,106,0,0,0,,0.05506894
within,107,1,1,0,,0.14907905
within,108,1,2,0,,0.05712156
within,109,2,0,0,,0.66067916
within,110,0,1,1,A_joking_complaint,0.44790775
within,111,3,1,0,,0.044465404
within,112,1,1,0,,0.034507137
within,113,3,0,0,,0.8224599
within,114,1,0,0,,0.600977
within,115,0,0,0,,0.381314
within,116,3,0,0,,0.07682965
within,117,2,0,0,,0.761372
within,118,1,1,0,,0.1418098
within,119,0,0,0,,0.052580133
within,120,0,0,0,,0.631347
within,121,0,0,0,,0.0483151
within,122,1,0,0,,0.093433514
within,123,1,0,0,,0.87633497
within,124,2,0,0,,0.28275844
within,125,1,0,0,,0.1336272
within,126,1,1,0,,0.23293264
within,127,1,0,0,,0.13938959
within,128,3,0,0,,0.32118762
within,129,0,0,0,,0.033531427
within,130,2,0,0,,0.06539879
within,131,0,0,0,,0.15024664
within,132,1,0,0,,0.9554921
within,133,0,0,0,,0.10863369
within,134,1,0,0,,0.9714751
within,135,3,0,0,,0.049883336
within,136,0,0,0,,0.4089167
within,137,1,0,0,,0.030562147
within,138,0,0,0,,0.06372937
within,139,2,1,0,,0.33434972
within,140,4,0,0,,0.04852635
within,141,1,0,0,,0.69914645
within,142,0,1,1,A_joking_complaint,0.3091451
within,143,4,0,0,,0.19068715
within,144,1,0,0,,0.17976788
within,145,0,0,0,,0.17801529
within,146,2,0,0,,0.91013974
within,147,1,0,0,,0.9374575
within,148,1,1,0,,0.38769042
within,149,1,0,0,,0.40691677
within,150,1,0,0,,0.13641489
within,151,1,1,0,,0.7272091
within,152,1,1,0,,0.13714644
within,153,4,1,0,,0.10659937
within,154,0,0,0,,0.10674778
within,155,2,0,0,,0.45780104
within,156,3,0,0,,0.7043415
within,157,1,0,0,,0.23872435
within,158,1,0,0,,0.92142844
within,159,2,0,0,,0.9274621
within,160,1,0,0,,0.054119285
within,161,2,0,0,,0.38792092
within,162,1,0,0,,0.13069119
within,163,0,0,0,,0.10075445
within,164,0,0,0,,0.07706057
within,165,1,0,0,,0.96010286
within,166,1,0,0,,0.035056356
within,167,0,0,0,,0.05528638
within,168,1,0,0,,0.9789797
within,169,2,0,0,,0.10006502
within,170,0,0,0,,0.2949648
within,171,1,0,0,,0.20620616
within,172,2,0,0,,0.32383996
within,173,0,1,1,A_joking_complaint,0.19803439
within,174,0,0,0,,0.59883434
within,175,0,0,0,,0.3553629
within,176,3,0,0,,0.6412051
within,177,1,0,0,,0.75679314
within,178,0,0,0,,0.07886256
within,179,2,0,0,,0.07585842
within,180,2,0,0,,0.15510552
within,181,0,0,0,,0.13125505
within,182,3,2,0,,0.042097703
within,183,0,0,0,,0.2814208
within,184,0,0,0,,0.119272456
within,185,4,0,0,,0.46152222
within,186,4,0,0,,0.1296765
within,187,0,0,0,,0.054226
within,188,1,0,0,,0.694191
within,189,2,0,0,,0.0789662
within,190,1,1,0,,0.16312031
within,191,2,0,0,,0.47251275
within,192,0,0,0,,0.09369613
within,193,0,0,0,,0.17668001
within,194,0,0,0,,0.08832268
within,195,1,0,0,,0.5737462
within,196,0,0,0,,0.22294533
within,197,0,0,0,,0.15683624
within,198,1,0,0,,0.30158138
within,199,0,1,1,A_joking_complaint,0.057892226
within,200,0,0,0,,0.06183763
within,201,2,0,0,,0.027766168
within,202,1,0,0,,0.23749003
within,203,0,0,0,,0.061614264
within,204,1,0,0,,0.080493666
within,205,0,1,1,A_joking_complaint,0.24855863
within,206,1,0,0,,0.2617374
within,207,4,0,0,,0.0386808
within,208,1,0,0,,0.8665108
within,209,2,0,0,,0.6513127
within,210,2,2,0,,0.8401069
within,211,1,0,0,,0.06982759
within,212,0,3,1,A_joking_complaint,0.3335496
within,213,0,1,1,A_joking_complaint,0.82827383
within,214,1,1,0,,0.07147044
within,215,3,0,0,,0.4963503
within,216,0,1,1,A_joking_complaint,0.39646754
within,217,0,0,0,,0.95710075
within,218,0,0,0,,0.14857781
within,219,0,0,0,,0.7361742
within,220,1,0,0,,0.51413655
within,221,2,1,0,,0.9791403
within,222,0,0,0,,0.7109903
within,223,4,1,0,,0.5242502
within,224,1,4,0,,0.47954804
within,225,2,0,0,,0.05830939
within,226,2,0,0,,0.8570209
within,227,0,0,0,,0.048872866
within,228,0,0,0,,0.2220417
within,229,0,2,1,A_joking_complaint,0.47144037
within,230,0,0,0,,0.16671304
within,231,0,0,0,,0.32758176
within,232,2,0,0,,0.4617875
within,233,3,0,0,,0.76392525
within,234,1,0,0,,0.01910368
within,235,0,0,0,,0.063746996
within,236,1,0,0,,0.06950879
within,237,2,0,0,,0.83269536
within,238,0,0,0,,0.3532605
within,239,1,0,0,,0.1809089
within,240,0,0,0,,0.38621962
within,241,0,0,0,,0.11194793
within,242,3,0,0,,0.42602307
within,243,2,0,0,,0.3133348
within,244,1,0,0,,0.5271704
within,245,2,0,0,,0.87629104
within,246,1,0,0,,0.87384194
within,247,0,1,1,A_joking_complaint,0.13497414
within,248,1,2,0,,0.17687109
within,249,2,2,0,,0.06394065
within,250,0,0,0,,0.055149496
within,251,1,0,0,,0.25180656
within,252,0,0,0,,0.056603108
within,253,2,0,0,,0.37619084
within,254,1,2,0,,0.484431
within,255,0,0,0,,0.24326295
within,256,0,0,0,,0.7771688
within,257,2,0,0,,0.22732796
within,258,0,0,0,,0.05453718
within,259,0,1,1,A_joking_complaint,0.024997877
within,260,1,0,0,,0.23755363
within,261,0,0,0,,0.03394781
within,262,2,0,0,,0.09607062
within,263,2,0,0,,0.85160697
within,264,0,1,1,A_joking_complaint,0.31079343
within,265,0,2,1,A_joking_complaint,0.30605292
within,266,0,0,0,,0.27893534
within,267,0,0,0,,0.07047075
within,268,1,0,0,,0.5791893
within,269,1,1,0,,0.066793814
within,270,1,0,0,,0.74283665
within,271,1,1,0,,0.36164853
within,272,0,0,0,,0.062328767
within,273,0,0,0,,0.6647722
within,274,3,0,0,,0.093377486
within,275,0,1,1,A_joking_complaint,0.2545096
within,276,0,0,0,,0.7981808
within,277,1,0,0,,0.2748309
within,278,2,0,0,,0.5459654
within,279,1,0,0,,0.8873052
within,280,1,0,0,,0.6067018
within,281,1,1,0,,0.08785331
within,282,3,0,0,,0.044515844
within,283,2,0,0,,0.2573119
within,284,1,0,0,,0.9855172
within,285,0,0,0,,0.61957103
within,286,0,0,0,,0.085763924
within,287,2,1,0,,0.39237595
within,288,2,0,0,,0.05790046
within,289,0,0,0,,0.04084997
within,290,1,0,0,,0.032672957
within,291,1,1,0,,0.7393872
within,292,0,0,0,,0.1567806
within,293,0,1,1,A_joking_complaint,0.2482047
within,294,1,0,0,,0.20468482
within,295,0,0,0,,0.14398786
within,296,1,0,0,,0.5650207
within,297,2,0,0,,0.65932894
within,298,0,0,0,,0.28685477
within,299,2,0,0,,0.71641254
within,300,1,0,0,,0.9762132
within,301,1,0,0,,0.02897748
within,302,0,0,0,,0.088112615
within,303,0,0,0,,0.056126107
within,304,1,0,0,,0.068556115
within,305,0,2,1,A_joking_complaint,0.06010531
within,306,0,0,0,,0.21903558
within,307,2,0,0,,0.55472124
within,308,0,0,0,,0.7349777
within,309,0,0,0,,0.6484779
within,310,2,0,0,,0.19171266
within,311,0,1,1,A_joking_complaint,0.09392189
within,312,0,0,0,,0.39538354
within,313,0,0,0,,0.12003693
within,314,3,0,0,,0.104598455
within,315,2,0,0,,0.704057
within,316,1,0,0,,0.23551066
within,317,0,0,0,,0.1010426
within,318,0,1,1,A_joking_complaint,0.31795686
within,319,2,0,0,,0.19182271
within,320,3,0,0,,0.97910666
within,321,1,3,0,,0.09595278
within,322,1,0,0,,0.72914785
within,323,0,0,0,,0.08071232
within,324,0,0,0,,0.044256575
within,325,1,2,0,,0.104717664
within,326,1,0,0,,0.08437043
within,327,1,0,0,,0.691654
within,328,2,0,0,,0.94809103
within,329,1,1,0,,0.40263206
within,330,0,1,1,A_joking_complaint,0.26097852
within,331,2,0,0,,0.67074156
within,332,0,0,0,,0.84805715
within,333,1,1,0,,0.04898188
within,334,1,0,0,,0.97766906
within,335,1,1,0,,0.24475887
within,336,0,0,0,,0.9011593
within,337,1,0,0,,0.9926238
within,338,0,1,1,A_joking_complaint,0.39870578
within,339,1,0,0,,0.634757
within,340,3,0,0,,0.35938025
within,341,1,1,0,,0.46291822
within,342,1,0,0,,0.085098185
within,343,0,0,0,,0.57934606
within,344,1,0,0,,0.4879182
within,345,0,0,0,,0.34688932
within,346,1,0,0,,0.41220185
within,347,0,0,0,,0.5481459
within,348,0,2,1,A_joking_complaint,0.4623995
within,349,0,0,0,,0.771394
within,350,3,0,0,,0.04045169
within,351,1,0,0,,0.09884394
within,352,0,0,0,,0.2821475
within,353,1,1,0,,0.6139236
within,354,1,0,0,,0.93085164
within,355,1,0,0,,0.29874548
within,356,1,0,0,,0.63270247
within,357,0,1,1,A_joking_complaint,0.6550775
within,358,3,0,0,,0.07809127
within,359,2,0,0,,0.5182323
within,360,0,0,0,,0.13508265
within,361,5,0,0,,0.08411462
within,362,1,2,0,,0.9191577
within,363,0,0,0,,0.023132049
within,364,1,0,0,,0.85538155
within,365,1,1,0,,0.456191
within,366,2,0,0,,0.060306307
within,367,0,0,0,,0.032853357
within,368,1,2,0,,0.09940756
within,369,3,0,0,,0.038325608
within,370,0,1,1,A_joking_complaint,0.041815817
within,371,0,0,0,,0.1648337
within,372,4,0,0,,0.08520191
within,373,0,0,0,,0.26707926
within,374,0,1,1,A_joking_complaint,0.11239169
within,375,0,1,1,A_joking_complaint,0.18902186
within,376,0,0,0,,0.5322754
within,377,0,0,0,,0.1223545
within,378,0,1,1,A_joking_complaint,0.43096727
within,379,1,0,0,,0.17809018
within,380,1,0,0,,0.060170617
within,381,3,0,0,,0.10041725
within,382,0,0,0,,0.107388824
within,383,2,0,0,,0.52527565
within,384,0,0,0,,0.06880799
within,385,0,0,0,,0.19574136
within,386,1,0,0,,0.9027347
within,387,1,0,0,,0.23909636
within,388,0,0,0,,0.6730907
within,389,0,0,0,,0.67140335
within,390,1,0,0,,0.89207274
within,391,1,0,0,,0.19830698
within,392,0,0,0,,0.58290935
within,393,1,0,0,,0.16245869
within,394,1,0,0,,0.93563056
within,395,0,0,0,,0.1749387
within,396,0,0,0,,0.8564702
within,397,3,0,0,,0.46370924
within,398,2,1,0,,0.8929575
within,399,0,1,1,A_joking_complaint,0.13162744
within,400,1,0,0,,0.08431075
within,401,4,0,0,,0.064804845
within,402,1,0,0,,0.04104655
within,403,0,0,0,,0.05833761
within,404,1,0,0,,0.12604347
within,405,1,0,0,,0.067702785
within,406,0,0,0,,0.18792388
within,407,0,0,0,,0.44748837
within,408,0,0,0,,0.2804959
within,409,1,0,0,,0.9566154
within,410,0,0,0,,0.16366488
within,411,0,0,0,,0.5685766
within,412,2,1,0,,0.7973566
within,413,3,0,0,,0.5908467
within,414,0,0,0,,0.14197814
within,415,0,1,1,A_joking_complaint,0.030111117
within,416,2,1,0,,0.06797114
within,417,1,0,0,,0.590607
within,418,0,1,1,A_joking_complaint,0.9044489
within,419,3,0,0,,0.9635638
within,420,2,0,0,,0.05806393
within,421,1,0,0,,0.9455718
within,422,1,0,0,,0.8944394
within,423,2,0,0,,0.067450434
within,424,0,0,0,,0.05903139
within,425,0,0,0,,0.035045873
within,426,1,0,0,,0.48331606
within,427,1,0,0,,0.84628737
within,428,1,1,0,,0.76883453
within,429,1,1,0,,0.07935334
within,430,1,1,0,,0.099671185
within,431,1,1,0,,0.8249191
within,432,2,0,0,,0.11753998
within,433,0,0,0,,0.049681712
within,434,1,1,0,,0.049212728
within,435,3,1,0,,0.43630454
within,436,0,0,0,,0.15057348
within,437,1,1,0,,0.9451156
within,438,2,1,0,,0.9193783
within,439,1,0,0,,0.07388852
within,440,1,2,0,,0.81838626
within,441,1,0,0,,0.50999355
within,442,1,0,0,,0.43794113
within,443,1,0,0,,0.05637514
within,444,0,1,1,A_joking_complaint,0.5791448
within,445,0,0,0,,0.14921047
within,446,0,1,1,A_joking_complaint,0.7274122
within,447,0,0,0,,0.1068083
within,448,3,0,0,,0.18125986
within,449,0,0,0,,0.05305565
within,450,0,0,0,,0.7842931
within,451,0,1,1,A_joking_complaint,0.5824404
within,452,1,1,0,,0.4376246
within,453,2,0,0,,0.98322934
within,454,0,0,0,,0.1696915
within,455,0,2,0,,0.7059719
within,456,0,1,0,,0.22764243
within,457,0,1,0,,0.16752297
within,458,1,0,1,B_sarcasm,0.37053505
within,459,0,2,0,,0.16616733
within,460,0,1,0,,0.42680112
within,461,0,1,0,,0.13611595
within,462,0,3,0,,0.7245168
within,463,0,1,0,,0.037126254
within,464,1,0,1,B_sarcasm,0.30475456
within,465,0,1,0,,0.87154824
within,466,0,1,0,,0.06536205
within,467,2,0,1,B_sarcasm,0.33862796
within,468,0,2,0,,0.31139103
within,469,1,0,1,B_sarcasm,0.0927918
within,470,0,1,0,,0.6087179
within,471,0,1,0,,0.029624075
within,472,1,1,0,,0.1456966
within,473,0,0,0,,0.6428587
within,474,0,0,0,,0.20499097
within,475,1,0,1,B_sarcasm,0.12646095
within,476,1,2,0,,0.087628454
within,477,1,1,0,,0.4331073
within,478,1,0,1,B_sarcasm,0.08152157
within,479,1,0,1,B_sarcasm,0.16165826
within,480,0,0,0,,0.92188513
within,481,0,1,0,,0.22262107
within,482,0,0,0,,0.11457238
within,483,0,0,0,,0.06566178
within,484,0,1,0,,0.052267637
within,485,1,0,1,B_sarcasm,0.04451167
within,486,3,0,1,B_sarcasm,0.083338566
within,487,0,0,0,,0.21757405
within,488,0,1,0,,0.23416634
within,489,0,0,0,,0.02892633
within,490,0,1,0,,0.26662597
within,491,1,0,1,B_sarcasm,0.08971783
within,492,1,1,0,,0.08054224
within,493,0,1,0,,0.2439252
within,494,0,1,0,,0.47701603
within,495,0,1,0,,0.1917216
within,496,0,1,0,,0.3012097
within,497,0,0,0,,0.079305135
within,498,1,1,0,,0.09182738
within,499,0,1,0,,0.39941907
within,500,1,1,0,,0.34940574
within,501,0,2,0,,0.056122985
within,502,0,1,0,,0.07121339
within,503,1,1,0,,0.09159433
within,504,1,1,0,,0.7151678
within,505,0,0,0,,0.5771085
within,506,0,0,0,,0.098910496
within,507,0,0,0,,0.13810295
within,508,0,0,0,,0.5030021
within,509,1,2,0,,0.24078162
within,510,0,0,0,,0.04858307
within,511,0,5,0,,0.3970763
within,512,0,0,0,,0.05081631
within,513,1,1,0,,0.32441023
within,514,1,1,0,,0.20909588
within,515,0,0,0,,0.08474351
within,516,0,0,0,,0.846614
within,517,0,0,0,,0.46165422
within,518,0,0,0,,0.051001973
within,519,0,3,0,,0.07331321
within,520,0,1,0,,0.053350803
within,521,0,1,0,,0.08660582
within,522,1,1,0,,0.08734087
within,523,1,0,1,B_sarcasm,0.5581103
within,524,1,0,1,B_sarcasm,0.58015764
within,525,0,1,0,,0.44882396
within,526,0,0,0,,0.23377074
within,527,0,1,0,,0.16073804
within,528,1,0,1,B_sarcasm,0.059770163
within,529,0,1,0,,0.3759551
within,530,1,1,0,,0.065119416
within,531,2,2,0,,0.47159284
within,532,1,1,0,,0.034036025
within,533,1,1,0,,0.25196725
within,534,1,2,0,,0.06564265
within,535,0,0,0,,0.030685768
within,536,0,0,0,,0.19069162
within,537,0,1,0,,0.88998926
within,538,0,1,0,,0.1346704
within,539,0,0,0,,0.1380032
within,540,0,1,0,,0.30700502
within,541,0,0,0,,0.7076111
within,542,2,1,0,,0.98372114
within,543,1,0,1,B_sarcasm,0.8114235
within,544,1,0,1,B_sarcasm,0.14041436
within,545,0,1,0,,0.3206891
within,546,1,2,0,,0.07447336
within,547,1,0,1,B_sarcasm,0.4581381
within,548,0,1,0,,0.9686632
within,549,0,1,0,,0.60590404
within,550,1,4,0,,0.5606313
within,551,0,2,0,,0.06524891
within,552,2,0,1,B_sarcasm,0.38522798
within,553,0,0,0,,0.32087195
within,554,2,0,1,B_sarcasm,0.7445344
within,555,0,1,0,,0.7339166
within,556,0,1,0,,0.20539138
within,557,1,0,1,B_sarcasm,0.1345145
within,558,1,1,0,,0.7379285
within,559,0,0,0,,0.36890996
within,560,1,2,0,,0.22267978
within,561,1,1,0,,0.20088616
within,562,1,0,1,B_sarcasm,0.036230605
within,563,0,0,0,,0.35157064
within,564,0,0,0,,0.37584564
within,565,0,1,0,,0.10861728
within,566,1,0,1,B_sarcasm,0.049174376
within,567,0,3,0,,0.22934681
within,568,1,1,0,,0.028985605
within,569,0,2,0,,0.6485116
within,570,3,1,0,,0.042369217
within,571,1,1,0,,0.23427805
within,572,1,2,0,,0.1352468
within,573,0,1,0,,0.08542216
within,574,1,1,0,,0.7905084
within,575,0,0,0,,0.15166745
within,576,0,3,0,,0.051612865
within,577,0,0,0,,0.068689555
within,578,0,0,0,,0.13013408
within,579,1,0,1,B_sarcasm,0.05080041
within,580,0,0,0,,0.02293558
within,581,0,0,0,,0.4428423
within,582,0,2,0,,0.46044275
within,583,1,1,0,,0.19195127
within,584,0,1,0,,0.3965417
within,585,1,2,0,,0.9483174
within,586,0,2,0,,0.70423657
within,587,1,1,0,,0.3829897
within,588,0,3,0,,0.8001726
within,589,0,1,0,,0.14353608
within,590,0,1,0,,0.21902642
within,591,1,1,0,,0.2706231
within,592,0,0,0,,0.93779266
within,593,1,1,0,,0.697299
within,594,0,3,0,,0.032074563
within,595,0,1,0,,0.050238404
within,596,1,1,0,,0.027745936
within,597,0,0,0,,0.5489397
within,598,0,0,0,,0.3049412
within,599,0,1,0,,0.122692145
within,600,0,0,0,,0.27398866
within,601,0,1,0,,0.11473522
within,602,0,2,0,,0.377349
within,603,0,0,0,,0.060477745
within,604,0,0,0,,0.4869038
within,605,0,1,0,,0.13042283
within,606,0,3,0,,0.039151322
within,607,0,0,0,,0.5364436
within,608,0,0,0,,0.094818756
within,609,0,1,0,,0.09002586
within,610,1,1,0,,0.2280796
within,611,1,1,0,,0.09788094
within,612,0,0,0,,0.38104293
within,613,0,1,0,,0.06366224
within,614,0,1,0,,0.048588928
within,615,1,1,0,,0.08447475
within,616,2,3,0,,0.23657306
within,617,0,2,0,,0.04133563
within,618,0,3,0,,0.8179929
within,619,0,2,0,,0.43629226
within,620,0,3,0,,0.52735615
within,621,1,1,0,,0.26099834
within,622,1,1,0,,0.6839334
within,623,0,1,0,,0.32560843
within,624,1,1,0,,0.5470331
within,625,0,1,0,,0.37554464
within,626,0,2,0,,0.9357636
within,627,1,1,0,,0.69779605
within,628,1,1,0,,0.49434468
within,629,2,2,0,,0.029442893
within,630,1,1,0,,0.39672628
within,631,1,0,1,B_sarcasm,0.27545336
within,632,1,0,1,B_sarcasm,0.7175173
within,633,0,0,0,,0.39171967
within,634,1,1,0,,0.09303462
within,635,0,0,0,,0.23116069
within,636,1,1,0,,0.14749478
within,637,1,1,0,,0.19292332
within,638,0,0,0,,0.07217812
within,639,1,0,1,B_sarcasm,0.56768334
within,640,0,1,0,,0.073568106
within,641,0,1,0,,0.37207502
within,642,0,0,0,,0.09656646
within,643,0,1,0,,0.1265333
within,644,4,0,1,B_sarcasm,0.091999464
within,645,0,0,0,,0.23284687
within,646,2,1,0,,0.15172341
within,647,0,0,0,,0.57496417
within,648,0,0,0,,0.08699668
within,649,0,0,0,,0.39446935
within,650,0,1,0,,0.042021953
within,651,0,0,0,,0.1715982
within,652,0,0,0,,0.10146345
within,653,1,1,0,,0.52809685
within,654,0,1,0,,0.43948135
within,655,1,1,0,,0.21966195
within,656,0,2,0,,0.7256889
within,657,0,0,0,,0.096999474
within,658,0,0,0,,0.06958084
within,659,0,1,0,,0.52915597
within,660,1,1,0,,0.7196399
within,661,0,2,0,,0.18087196
within,662,3,1,0,,0.2279245
within,663,2,0,1,B_sarcasm,0.069955334
within,664,0,1,0,,0.2133017
within,665,1,1,0,,0.64754397
within,666,0,0,0,,0.8353972
within,667,0,1,0,,0.3814853
within,668,0,1,0,,0.8709954
within,669,0,3,0,,0.22547318
within,670,0,0,0,,0.36955428
within,671,0,2,0,,0.35070077
within,672,2,0,1,B_sarcasm,0.41225177
within,673,1,1,0,,0.16426025
within,674,1,2,0,,0.3876675
within,675,0,0,0,,0.20465946
within,676,0,1,0,,0.093788736
within,677,1,0,1,B_sarcasm,0.05898912
within,678,0,1,0,,0.23607305
within,679,0,3,0,,0.13657054
within,680,0,2,0,,0.019272802
within,681,0,0,0,,0.049791265
within,682,0,1,0,,0.39811024
within,683,0,0,0,,0.11878869
within,684,1,0,1,B_sarcasm,0.73753715
within,685,1,3,0,,0.3154757
within,686,0,4,0,,0.10342645
within,687,0,0,0,,0.19805565
within,688,1,1,0,,0.058068678
within,689,0,1,0,,0.9400572
within,690,0,0,0,,0.12464643
within,691,0,0,0,,0.030098481
within,692,2,0,1,B_sarcasm,0.19763672
within,693,0,1,0,,0.10067184
within,694,0,1,0,,0.08599058
within,695,0,2,0,,0.9144042
within,696,1,1,0,,0.13125172
within,697,0,1,0,,0.7028477
within,698,0,2,0,,0.05188662
within,699,0,1,0,,0.080802485
within,700,0,0,0,,0.27376586
within,701,0,3,0,,0.14249082
within,702,0,3,0,,0.1247764
within,703,1,0,1,B_sarcasm,0.030721629
within,704,0,1,0,,0.052656006
within,705,0,1,0,,0.062443096
within,706,0,0,0,,0.041613333
within,707,0,2,0,,0.5287321
within,708,1,1,0,,0.04909636
within,709,0,0,0,,0.5862246
within,710,0,3,0,,0.53674746
within,711,0,1,0,,0.047732484
within,712,0,1,0,,0.44037545
within,713,0,0,0,,0.06655152
within,714,0,1,0,,0.6174236
within,715,1,1,0,,0.09681334
within,716,0,0,0,,0.23781638
within,717,0,0,0,,0.21841313
within,718,0,0,0,,0.22563198
within,719,1,0,1,B_sarcasm,0.2402865
within,720,0,1,0,,0.38393417
within,721,1,0,1,B_sarcasm,0.16805913
within,722,0,1,0,,0.27810907
within,723,1,0,1,B_sarcasm,0.3435769
within,724,0,0,0,,0.52897525
within,725,1,0,1,B_sarcasm,0.4182552
within,726,0,1,0,,0.4223367
within,727,1,4,0,,0.3301435
within,728,1,0,1,B_sarcasm,0.37462708
within,729,0,0,0,,0.09264495
within,730,0,1,0,,0.7459166
within,731,0,0,0,,0.16201366
within,732,1,0,1,B_sarcasm,0.3390421
within,733,1,1,0,,0.63293654
within,734,0,0,0,,0.2629592
within,735,1,1,0,,0.896396
within,736,0,2,0,,0.08093552
within,737,0,0,0,,0.45858908
within,738,1,2,0,,0.42565203
within,739,1,0,1,B_sarcasm,0.61884964
within,740,0,0,0,,0.038161546
within,741,0,1,0,,0.07349988
within,742,0,1,0,,0.07237132
within,743,1,1,0,,0.8374839
within,744,0,1,0,,0.39796627
within,745,0,2,0,,0.032883983
within,746,1,0,1,B_sarcasm,0.5549073
within,747,0,1,0,,0.38308376
within,748,0,1,0,,0.033422716
within,749,0,1,0,,0.07932591
within,750,1,3,0,,0.03366357
within,751,1,0,1,B_sarcasm,0.90643114
within,752,0,1,0,,0.36174956
within,753,1,2,0,,0.706929
within,754,0,0,0,,0.6939412
within,755,0,0,0,,0.07430177
within,756,0,0,0,,0.07373245
within,757,1,2,0,,0.29400244
within,758,0,0,0,,0.41709074
within,759,0,1,0,,0.21579617
within,760,0,2,0,,0.07560856
within,761,0,0,0,,0.61727643
within,762,0,1,0,,0.27582482
within,763,0,1,0,,0.13613982
within,764,0,0,0,,0.7702211
within,765,0,2,0,,0.12781635
within,766,1,0,1,B_sarcasm,0.30719677
within,767,0,1,0,,0.62353987
within,768,0,0,0,,0.13252503
within,769,0,1,0,,0.083354376
within,770,1,2,0,,0.057785902
within,771,0,0,0,,0.21007301
within,772,0,0,0,,0.8600442
within,773,0,1,0,,0.72962147
within,774,0,0,0,,0.62562144
within,775,0,1,0,,0.44177043
within,776,1,1,0,,0.25983733
within,777,0,2,0,,0.96549934
within,778,1,0,1,B_sarcasm,0.43384272
within,779,0,0,0,,0.041252747
within,780,1,1,0,,0.64593244
within,781,0,1,0,,0.8212892
within,782,2,0,1,B_sarcasm,0.5224658
within,783,0,1,0,,0.034685012
within,784,0,1,0,,0.37522927
within,785,0,1,0,,0.0962185
within,786,0,1,0,,0.13127922
within,787,0,1,0,,0.20707563
within,788,1,0,1,B_sarcasm,0.74385893
within,789,0,0,0,,0.2745844
within,790,0,0,0,,0.058631696
within,791,0,0,0,,0.15103547
within,792,0,1,0,,0.12083967
within,793,0,1,0,,0.62265885
within,794,1,2,0,,0.13214283
within,795,0,3,0,,0.47379336
within,796,0,2,0,,0.21744654
within,797,2,1,0,,0.1627243
within,798,0,0,0,,0.11697416
within,799,0,2,0,,0.2342576
within,800,1,0,1,B_sarcasm,0.048988823
within,801,0,0,0,,0.06943826
within,802,0,2,0,,0.13820602
within,803,0,1,0,,0.11428599
within,804,0,0,0,,0.028902741
within,805,1,0,1,B_sarcasm,0.13258536
within,806,0,0,0,,0.08570154
within,807,0,2,0,,0.13308266
within,808,0,2,0,,0.30376565
within,809,0,2,0,,0.18741019
within,810,1,0,1,B_sarcasm,0.11998902
within,811,0,1,0,,0.92077637
within,812,0,0,0,,0.83277273
within,813,0,0,0,,0.07002785
within,814,0,0,0,,0.18379442
within,815,1,3,0,,0.7496534
within,816,0,0,0,,0.22084525
within,817,0,1,0,,0.34553993
within,818,0,1,0,,0.11629691
within,819,0,1,0,,0.57210726
within,820,0,0,0,,0.27460966
within,821,1,3,0,,0.39453304
within,822,0,1,0,,0.3303705
within,823,0,2,0,,0.07753006
within,824,0,3,0,,0.088069335
within,825,1,2,0,,0.24832797
within,826,1,0,1,B_sarcasm,0.117215596
within,827,1,1,0,,0.68900615
within,828,2,0,1,B_sarcasm,0.77192247
within,829,0,1,0,,0.35665023
within,830,2,1,0,,0.79145485
within,831,0,1,0,,0.23291251
within,832,0,1,0,,0.20844033
within,833,0,0,0,,0.022206247
within,834,0,3,0,,0.19155079
within,835,1,2,0,,0.67508006
within,836,1,0,1,B_sarcasm,0.11516684
within,837,0,0,0,,0.06534989
within,838,0,3,0,,0.0918407
within,839,2,1,0,,0.05396908
within,840,1,1,0,,0.27516562
within,841,0,3,0,,0.36965135
within,842,1,2,0,,0.71939844
within,843,0,0,0,,0.3066862
within,844,0,1,0,,0.0902694
within,845,1,0,1,B_sarcasm,0.16794506
within,846,1,1,0,,0.4890468
within,847,0,2,0,,0.5016696
within,848,0,1,0,,0.5475449
within,849,0,1,0,,0.35928795
within,850,0,0,0,,0.35247102
within,851,0,3,0,,0.032703813
within,852,1,2,0,,0.93229204
within,853,1,1,0,,0.14039716
within,854,0,1,0,,0.1069833
within,855,0,1,0,,0.08997063
within,856,0,1,0,,0.30980128
within,857,0,0,0,,0.52883995
within,858,1,0,1,B_sarcasm,0.22322333
within,859,0,0,0,,0.58945304
within,860,1,0,1,B_sarcasm,0.11084217
within,861,0,2,0,,0.2210307
within,862,1,2,0,,0.21364118
within,863,1,1,0,,0.56199855
within,864,0,1,0,,0.32190302
within,865,0,1,0,,0.51839197
within,866,0,3,0,,0.8326832
within,867,1,1,0,,0.15572806
within,868,0,1,0,,0.35361487
within,869,1,1,0,,0.23419534
within,870,2,0,1,B_sarcasm,0.9145898
within,871,0,0,0,,0.053470507
within,872,1,2,0,,0.07647007
within,873,1,0,1,B_sarcasm,0.07539725
within,874,0,1,0,,0.06682199
within,875,0,1,0,,0.3810316
within,876,0,1,0,,0.045758683
within,877,0,2,0,,0.54703164
within,878,1,3,0,,0.41630137
within,879,2,5,0,,0.04796299
within,880,1,0,1,B_sarcasm,0.9248429
within,881,0,1,0,,0.08843623
within,882,0,1,0,,0.9265854
within,883,2,0,1,B_sarcasm,0.37196672
within,884,0,2,0,,0.6087046
within,885,0,2,0,,0.05068417
within,886,0,0,0,,0.1468912
within,887,1,0,1,B_sarcasm,0.14727302
within,888,0,0,0,,0.32027322
within,889,0,1,0,,0.7476093
within,890,0,1,0,,0.75575936
within,891,0,1,0,,0.8474845
within,892,0,1,0,,0.040202696
within,893,0,1,0,,0.1360726
within,894,2,2,0,,0.067246936
within,895,0,1,0,,0.090484604
within,896,0,2,0,,0.7088238
within,897,1,1,0,,0.7680165
within,898,0,1,0,,0.1704798
within,899,0,0,0,,0.31060272
within,900,0,0,0,,0.0732331
within,901,0,1,0,,0.23961398
within,902,0,0,0,,0.1671918
within,903,3,0,1,B_sarcasm,0.07366408
within,904,0,1,0,,0.046751317
within,905,0,0,0,,0.088266574
within,906,1,0,1,B_sarcasm,0.04789607
within,907,1,1,0,,0.8326745
short,0,1,1,0,,0.46989152
short,1,1,0,0,,0.6245213
short,2,0,1,1,A_joking_complaint,0.14148395
short,3,0,0,0,,0.10127934
short,4,0,0,0,,0.13837422
short,5,0,0,0,,0.093824394
short,6,0,0,0,,0.0978076
short,7,0,3,1,A_joking_complaint,0.24462765
short,8,0,0,0,,0.058611497
short,9,0,0,0,,0.7961621
short,10,0,0,0,,0.09502375
short,11,1,0,0,,0.0832458
short,12,0,0,0,,0.110720955
short,13,2,1,0,,0.047689494
short,14,1,0,0,,0.041055404
short,15,3,0,0,,0.069223896
short,16,2,0,0,,0.72117156
short,17,4,0,0,,0.9734672
short,18,1,0,0,,0.66636693
short,19,2,0,0,,0.9205226
short,20,3,3,0,,0.4825379
short,21,1,1,0,,0.5177502
short,22,0,0,0,,0.09526259
short,23,0,0,0,,0.056739688
short,24,3,0,0,,0.04591266
short,25,1,1,0,,0.6653756
short,26,1,0,0,,0.9702496
short,27,2,0,0,,0.8274623
short,28,1,0,0,,0.09506202
short,29,2,0,0,,0.16880511
short,30,2,0,0,,0.41851115
short,31,2,0,0,,0.8267122
short,32,0,0,0,,0.11168863
short,33,0,0,0,,0.067936204
short,34,1,0,0,,0.7043768
short,35,0,0,0,,0.069360785
short,36,0,0,0,,0.064820096
short,37,2,0,0,,0.7264298
short,38,2,0,0,,0.7110913
short,39,0,1,1,A_joking_complaint,0.11577654
short,40,1,0,0,,0.8173925
short,41,3,0,0,,0.08553363
short,42,2,1,0,,0.61768997
short,43,1,1,0,,0.38230234
short,44,0,1,1,A_joking_complaint,0.13407099
short,45,1,0,0,,0.89208025
short,46,2,1,0,,0.029623125
short,47,2,0,0,,0.017159335
short,48,0,0,0,,0.24819833
short,49,0,3,1,A_joking_complaint,0.05779535
short,50,0,1,1,A_joking_complaint,0.6044986
short,51,0,0,0,,0.07446492
short,52,1,0,0,,0.74380505
short,53,1,3,0,,0.1266497
short,54,2,0,0,,0.11828465
short,55,1,1,0,,0.8755811
short,56,2,0,0,,0.040502727
short,57,0,0,0,,0.08758281
short,58,2,0,0,,0.064248644
short,59,3,0,0,,0.34465167
short,60,0,0,0,,0.8398394
short,61,0,0,0,,0.088179655
short,62,1,0,0,,0.44148505
short,63,0,1,1,A_joking_complaint,0.5042555
short,64,0,1,1,A_joking_complaint,0.22123793
short,65,0,0,0,,0.44756877
short,66,2,0,0,,0.1345435
short,67,1,0,0,,0.8030309
short,68,0,0,0,,0.033326652
short,69,2,0,0,,0.14085485
short,70,0,1,1,A_joking_complaint,0.051214367
short,71,0,0,0,,0.062464304
short,72,1,0,0,,0.10474355
short,73,0,0,0,,0.83682215
short,74,0,0,0,,0.15415548
short,75,0,0,0,,0.48182395
short,76,2,1,0,,0.92827135
short,77,6,2,0,,0.41925675
short,78,0,0,0,,0.29883817
short,79,0,1,1,A_joking_complaint,0.26433262
short,80,1,2,0,,0.042730387
short,81,1,0,0,,0.23001976
short,82,1,0,0,,0.2447069
short,83,0,2,1,A_joking_complaint,0.06969205
short,84,1,0,0,,0.97216076
short,85,2,1,0,,0.088797055
short,86,0,0,0,,0.12837547
short,87,1,2,0,,0.09609297
short,88,0,0,0,,0.09212833
short,89,1,0,0,,0.44530794
short,90,3,0,0,,0.16447356
short,91,0,2,1,A_joking_complaint,0.04775757
short,92,3,0,0,,0.21352153
short,93,0,0,0,,0.22307427
short,94,0,0,0,,0.15034208
short,95,0,1,1,A_joking_complaint,0.21267769
short,96,3,0,0,,0.22326419
short,97,0,0,0,,0.090269476
short,98,1,1,0,,0.048360694
short,99,1,1,0,,0.5083978
short,100,1,0,0,,0.97722965
short,101,3,0,0,,0.14818208
short,102,1,1,0,,0.23697093
short,103,0,0,0,,0.090220064
short,104,2,0,0,,0.039909404
short,105,2,1,0,,0.3003663
short,106,0,0,0,,0.42741787
short,107,2,0,0,,0.04982758
short,108,0,0,0,,0.0612066
short,109,1,0,0,,0.051171355
short,110,0,0,0,,0.7604723
short,111,2,0,0,,0.3352514
short,112,0,0,0,,0.1750498
short,113,3,1,0,,0.59080535
short,114,1,0,0,,0.24651562
short,115,0,0,0,,0.062811375
short,116,0,0,0,,0.18709241
short,117,1,1,0,,0.5543131
short,118,1,1,0,,0.12141448
short,119,0,0,0,,0.16625309
short,120,2,0,0,,0.3344428
short,121,0,0,0,,0.5086265
short,122,1,0,0,,0.41129002
short,123,2,0,0,,0.7879357
short,124,1,1,0,,0.048507143
short,125,0,1,1,A_joking_complaint,0.69403034
short,126,1,0,0,,0.49603367
short,127,0,2,1,A_joking_complaint,0.22565164
short,128,2,0,0,,0.44061312
short,129,1,0,0,,0.3172847
short,130,0,1,1,A_joking_complaint,0.28418684
short,131,0,0,0,,0.15814605
short,132,0,0,0,,0.098018505
short,133,0,0,0,,0.0955393
short,134,1,0,0,,0.8676415
short,135,2,0,0,,0.3863161
short,136,0,1,1,A_joking_complaint,0.46116874
short,137,1,0,0,,0.20539229
short,138,1,0,0,,0.28415814
short,139,2,1,0,,0.18351488
short,140,0,1,1,A_joking_complaint,0.052517638
short,141,1,0,0,,0.73167664
short,142,1,0,0,,0.05791025
short,143,1,0,0,,0.09244669
short,144,0,0,0,,0.3093198
short,145,0,0,0,,0.48959813
short,146,1,0,0,,0.6422607
short,147,1,0,0,,0.744279
short,148,1,2,0,,0.24447148
short,149,1,0,0,,0.5135714
short,150,0,0,0,,0.55080223
short,151,0,0,0,,0.824021
short,152,0,0,0,,0.69625556
short,153,1,0,0,,0.061486714
short,154,2,1,0,,0.5493967
short,155,2,2,0,,0.14698446
short,156,0,0,0,,0.07332023
short,157,0,0,0,,0.034147397
short,158,0,1,1,A_joking_complaint,0.0967567
short,159,0,0,0,,0.21995242
short,160,1,0,0,,0.05547866
short,161,3,0,0,,0.69849485
short,162,2,0,0,,0.785251
short,163,1,0,0,,0.45945278
short,164,0,0,0,,0.0628296
short,165,0,0,0,,0.11041994
short,166,1,0,0,,0.6014096
short,167,3,0,0,,0.36450598
short,168,0,0,0,,0.057057884
short,169,2,0,0,,0.052583482
short,170,0,0,0,,0.43963528
short,171,0,0,0,,0.117018186
short,172,2,0,0,,0.41859615
short,173,0,1,1,A_joking_complaint,0.19267987
short,174,0,0,0,,0.08881387
short,175,0,1,1,A_joking_complaint,0.32878774
short,176,1,1,0,,0.18326305
short,177,2,0,0,,0.975606
short,178,3,0,0,,0.32246187
short,179,1,0,0,,0.13663383
short,180,0,0,0,,0.11979613
short,181,1,0,0,,0.8069548
short,182,1,0,0,,0.727729
short,183,0,1,1,A_joking_complaint,0.30069765
short,184,1,0,0,,0.22153626
short,185,1,1,0,,0.6704852
short,186,0,0,0,,0.39624897
short,187,2,0,0,,0.035965417
short,188,0,0,0,,0.04051926
short,189,0,0,0,,0.5468156
short,190,2,0,0,,0.07907031
short,191,2,0,0,,0.8270547
short,192,3,1,0,,0.15034483
short,193,1,0,0,,0.26294807
short,194,0,0,0,,0.02337663
short,195,0,0,0,,0.09265747
short,196,1,0,0,,0.6591018
short,197,3,0,0,,0.3577766
short,198,1,0,0,,0.037453234
short,199,5,0,0,,0.11552575
short,200,2,1,0,,0.48584104
short,201,2,1,0,,0.2817731
short,202,1,1,0,,0.47145593
short,203,0,0,0,,0.33701238
short,204,0,0,0,,0.17477416
short,205,0,1,1,A_joking_complaint,0.07127888
short,206,3,1,0,,0.030781649
short,207,0,1,1,A_joking_complaint,0.8761781
short,208,0,0,0,,0.052915417
short,209,2,0,0,,0.78209895
short,210,3,0,0,,0.28077644
short,211,1,0,0,,0.8899094
short,212,0,0,0,,0.10660179
short,213,0,2,1,A_joking_complaint,0.43361154
short,214,2,0,0,,0.43973848
short,215,1,0,0,,0.4311907
short,216,1,0,0,,0.029787255
short,217,5,0,0,,0.1813627
short,218,1,0,0,,0.27850404
short,219,0,0,0,,0.76195586
short,220,1,0,0,,0.050115593
short,221,1,2,0,,0.5494389
short,222,0,1,1,A_joking_complaint,0.20363769
short,223,1,0,0,,0.10995951
short,224,1,0,0,,0.19608656
short,225,1,0,0,,0.20721442
short,226,2,0,0,,0.61659867
short,227,1,0,0,,0.23683041
short,228,0,0,0,,0.371435
short,229,2,1,0,,0.53470194
short,230,1,1,0,,0.8921343
short,231,3,0,0,,0.30021903
short,232,0,2,1,A_joking_complaint,0.08684813
short,233,0,0,0,,0.28874403
short,234,0,1,1,A_joking_complaint,0.05816876
short,235,0,0,0,,0.18516007
short,236,2,0,0,,0.14681572
short,237,0,0,0,,0.07584347
short,238,1,0,0,,0.743475
short,239,1,0,0,,0.32402888
short,240,1,0,0,,0.911478
short,241,2,0,0,,0.51424587
short,242,2,0,0,,0.14456646
short,243,0,0,0,,0.95455694
short,244,1,0,0,,0.07922295
short,245,0,0,0,,0.54397917
short,246,2,0,0,,0.3912125
short,247,0,0,0,,0.07207679
short,248,1,0,0,,0.1900214
short,249,2,0,0,,0.5921362
short,250,2,4,0,,0.43895593
short,251,2,0,0,,0.21750751
short,252,0,0,0,,0.06968089
short,253,3,0,0,,0.07675522
short,254,0,1,1,A_joking_complaint,0.06280978
short,255,0,0,0,,0.5476074
short,256,1,0,0,,0.13831334
short,257,1,0,0,,0.6787363
short,258,2,1,0,,0.40746015
short,259,0,0,0,,0.40418833
short,260,0,1,1,A_joking_complaint,0.12902144
short,261,0,0,0,,0.84240097
short,262,0,0,0,,0.06658246
short,263,0,0,0,,0.22419593
short,264,0,2,1,A_joking_complaint,0.2461167
short,265,1,0,0,,0.035800382
short,266,0,1,1,A_joking_complaint,0.8833429
short,267,3,2,0,,0.3645604
short,268,2,1,0,,0.6683162
short,269,1,0,0,,0.79641706
short,270,0,0,0,,0.058507297
short,271,0,2,1,A_joking_complaint,0.23583528
short,272,1,0,0,,0.90753496
short,273,1,0,0,,0.77262527
short,274,1,0,0,,0.07697539
short,275,1,0,0,,0.95692694
short,276,0,0,0,,0.06775402
short,277,2,0,0,,0.29372546
short,278,0,1,1,A_joking_complaint,0.23174672
short,279,0,0,0,,0.045476604
short,280,1,0,0,,0.10691466
short,281,1,0,0,,0.04988033
short,282,1,0,0,,0.6126818
short,283,3,0,0,,0.6810634
short,284,2,0,0,,0.06442096
short,285,2,0,0,,0.67665386
short,286,1,0,0,,0.04487468
short,287,1,0,0,,0.15979287
short,288,0,0,0,,0.038601644
short,289,0,0,0,,0.116001956
short,290,1,0,0,,0.152081
short,291,1,0,0,,0.5635322
short,292,1,0,0,,0.22425596
short,293,0,0,0,,0.14072114
short,294,1,0,0,,0.6097099
short,295,0,1,1,A_joking_complaint,0.24171299
short,296,2,0,0,,0.0985035
short,297,1,0,0,,0.5088148
short,298,1,0,0,,0.8083878
short,299,0,1,1,A_joking_complaint,0.71988916
short,300,0,0,0,,0.076895036
short,301,1,0,0,,0.64344096
short,302,0,2,1,A_joking_complaint,0.5892831
short,303,2,0,0,,0.695561
short,304,1,0,0,,0.08464032
short,305,4,0,0,,0.025850294
short,306,0,0,0,,0.8017426
short,307,1,0,0,,0.7655427
short,308,2,0,0,,0.941905
short,309,1,0,0,,0.28399023
short,310,0,0,0,,0.06914247
short,311,6,0,0,,0.116738185
short,312,1,1,0,,0.98301977
short,313,0,0,0,,0.4652879
short,314,2,0,0,,0.35337692
short,315,0,0,0,,0.1061199
short,316,0,2,1,A_joking_complaint,0.89648986
short,317,2,0,0,,0.060218453
short,318,0,0,0,,0.15322596
short,319,3,1,0,,0.15409629
short,320,2,0,0,,0.08294768
short,321,1,0,0,,0.5400767
short,322,0,0,0,,0.07794406
short,323,1,0,0,,0.4330904
short,324,2,0,0,,0.2613412
short,325,1,1,0,,0.39706862
short,326,0,0,0,,0.38753366
short,327,1,0,0,,0.8524367
short,328,0,0,0,,0.4201175
short,329,1,0,0,,0.51070684
short,330,1,1,0,,0.06219533
short,331,3,0,0,,0.09665019
short,332,0,1,1,A_joking_complaint,0.07349548
short,333,0,0,0,,0.16082463
short,334,0,1,1,A_joking_complaint,0.21968111
short,335,2,0,0,,0.07836358
short,336,1,0,0,,0.09891899
short,337,1,0,0,,0.050107855
short,338,1,0,0,,0.3467661
short,339,0,1,1,A_joking_complaint,0.34222582
short,340,0,0,0,,0.27890927
short,341,0,0,0,,0.92672324
short,342,0,2,1,A_joking_complaint,0.24713348
short,343,2,0,0,,0.103427276
short,344,1,0,0,,0.07460355
short,345,1,1,0,,0.22775911
short,346,2,1,0,,0.23530851
short,347,1,0,0,,0.948364
short,348,2,0,0,,0.7116982
short,349,0,0,0,,0.07200261
short,350,0,0,0,,0.0561758
short,351,3,0,0,,0.22688845
short,352,1,0,0,,0.32082686
short,353,0,0,0,,0.8572233
short,354,3,1,0,,0.030464647
short,355,1,0,0,,0.4025289
short,356,0,0,0,,0.60190463
short,357,0,2,1,A_joking_complaint,0.9477724
short,358,3,1,0,,0.40465784
short,359,1,0,0,,0.05475034
short,360,0,0,0,,0.16846085
short,361,0,0,0,,0.07721431
short,362,0,1,1,A_joking_complaint,0.36204672
short,363,2,0,0,,0.14127104
short,364,0,0,0,,0.13179827
short,365,0,0,0,,0.29004145
short,366,0,0,0,,0.09389011
short,367,0,0,0,,0.73099476
short,368,2,0,0,,0.4061142
short,369,1,1,0,,0.8677555
short,370,1,0,0,,0.47691604
short,371,0,0,0,,0.09859828
short,372,2,0,0,,0.4631576
short,373,0,0,0,,0.050599724
short,374,2,0,0,,0.04003515
short,375,1,0,0,,0.10475782
short,376,1,0,0,,0.52083004
short,377,1,1,0,,0.03798838
short,378,0,1,1,A_joking_complaint,0.29465887
short,379,0,0,0,,0.06260473
short,380,0,0,0,,0.049409073
short,381,2,2,0,,0.04188721
short,382,1,2,0,,0.40923896
short,383,2,0,0,,0.033616543
short,384,1,0,0,,0.7385656
short,385,1,1,0,,0.13989772
short,386,1,1,0,,0.93830764
short,387,1,0,0,,0.8424455
short,388,2,0,0,,0.4618613
short,389,0,0,0,,0.56843287
short,390,0,1,1,A_joking_complaint,0.33984068
short,391,1,0,0,,0.12635927
short,392,1,0,0,,0.16071701
short,393,0,2,1,A_joking_complaint,0.44089422
short,394,1,0,0,,0.32569662
short,395,1,1,0,,0.23944293
short,396,0,2,1,A_joking_complaint,0.13371232
short,397,1,1,0,,0.2588511
short,398,1,0,0,,0.8446246
short,399,0,0,0,,0.1440026
short,400,0,0,0,,0.3297915
short,401,0,0,0,,0.6143354
short,402,0,2,1,A_joking_complaint,0.18864879
short,403,0,1,1,A_joking_complaint,0.320033
short,404,2,0,0,,0.24484608
short,405,2,0,0,,0.8402726
short,406,0,0,0,,0.06288841
short,407,0,0,0,,0.08521918
short,408,2,0,0,,0.87416446
short,409,0,0,0,,0.939171
short,410,1,2,0,,0.12987062
short,411,1,0,0,,0.55123
short,412,1,1,0,,0.034483824
short,413,0,1,1,A_joking_complaint,0.091972955
short,414,0,1,1,A_joking_complaint,0.26956448
short,415,0,0,0,,0.38885957
short,416,1,0,0,,0.7888427
short,417,4,0,0,,0.23660953
short,418,2,2,0,,0.90335095
short,419,1,1,0,,0.51279336
short,420,0,0,0,,0.09396307
short,421,0,2,1,A_joking_complaint,0.0907975
short,422,1,5,0,,0.15712869
short,423,1,2,0,,0.603654
short,424,0,1,1,A_joking_complaint,0.07508468
short,425,0,1,1,A_joking_complaint,0.26546258
short,426,0,0,0,,0.5204369
short,427,0,0,0,,0.038048334
short,428,1,0,0,,0.18191251
short,429,1,1,0,,0.75134414
short,430,1,0,0,,0.0740578
short,431,0,0,0,,0.17676072
short,432,1,0,0,,0.8408367
short,433,4,0,0,,0.145068
short,434,1,0,0,,0.81134236
short,435,1,0,0,,0.9748443
short,436,1,0,0,,0.39386377
short,437,1,1,0,,0.03131728
short,438,0,0,0,,0.8083297
short,439,2,0,0,,0.8667478
short,440,1,0,0,,0.96446335
short,441,0,0,0,,0.23338918
short,442,1,2,0,,0.9828523
short,443,2,0,0,,0.31455263
short,444,1,0,0,,0.74496114
short,445,1,0,0,,0.62472594
short,446,1,1,0,,0.1058596
short,447,1,0,0,,0.9088107
short,448,1,1,0,,0.7831563
short,449,2,0,0,,0.21575375
short,450,0,0,0,,0.06326965
short,451,1,1,0,,0.07435919
short,452,0,0,0,,0.061831653
short,453,2,0,0,,0.65446854
short,454,1,0,1,B_sarcasm,0.28035992
short,455,1,0,1,B_sarcasm,0.049045216
short,456,0,0,0,,0.92912215
short,457,0,0,0,,0.33199692
short,458,1,2,0,,0.2597061
short,459,0,1,0,,0.06685309
short,460,0,0,0,,0.07471271
short,461,1,2,0,,0.06845287
short,462,1,0,1,B_sarcasm,0.14839199
short,463,0,2,0,,0.22960953
short,464,0,0,0,,0.24943134
short,465,0,1,0,,0.560873
short,466,0,1,0,,0.0558081
short,467,0,0,0,,0.5531086
short,468,0,1,0,,0.09047354
short,469,0,0,0,,0.022051957
short,470,0,0,0,,0.11454057
short,471,1,1,0,,0.18978567
short,472,1,0,1,B_sarcasm,0.08668832
short,473,0,1,0,,0.7710301
short,474,0,2,0,,0.2342455
short,475,0,1,0,,0.052044395
short,476,0,0,0,,0.5381076
short,477,1,0,1,B_sarcasm,0.2670188
short,478,2,2,0,,0.06826757
short,479,1,4,0,,0.07557378
short,480,0,0,0,,0.54003245
short,481,0,1,0,,0.019840619
short,482,0,0,0,,0.06594108
short,483,0,0,0,,0.3547435
short,484,1,2,0,,0.607811
short,485,0,2,0,,0.44440827
short,486,1,0,1,B_sarcasm,0.4716622
short,487,1,1,0,,0.050687447
short,488,1,1,0,,0.4754591
short,489,1,1,0,,0.7262135
short,490,0,1,0,,0.2570137
short,491,0,1,0,,0.26703915
short,492,1,2,0,,0.64438313
short,493,1,0,1,B_sarcasm,0.07574149
short,494,1,0,1,B_sarcasm,0.42630586
short,495,2,0,1,B_sarcasm,0.18389691
short,496,1,2,0,,0.46943727
short,497,0,0,0,,0.11058473
short,498,1,0,1,B_sarcasm,0.7224719
short,499,1,1,0,,0.31818798
short,500,1,0,1,B_sarcasm,0.44905367
short,501,1,0,1,B_sarcasm,0.6441845
short,502,1,0,1,B_sarcasm,0.09025111
short,503,0,3,0,,0.050292365
short,504,0,1,0,,0.11779422
short,505,0,0,0,,0.13044629
short,506,1,1,0,,0.25029197
short,507,0,0,0,,0.23737887
short,508,1,4,0,,0.2792393
short,509,3,0,1,B_sarcasm,0.2102871
short,510,0,1,0,,0.2173653
short,511,1,1,0,,0.6522294
short,512,0,2,0,,0.083179645
short,513,0,1,0,,0.40546265
short,514,0,1,0,,0.09904138
short,515,0,1,0,,0.07066931
short,516,0,0,0,,0.051649515
short,517,0,1,0,,0.73418486
short,518,0,1,0,,0.8050212
short,519,1,2,0,,0.5464015
short,520,0,1,0,,0.29004186
short,521,0,0,0,,0.20077622
short,522,0,2,0,,0.5404018
short,523,0,2,0,,0.042373437
short,524,0,0,0,,0.02996693
short,525,1,1,0,,0.47648624
short,526,0,2,0,,0.19833016
short,527,1,0,1,B_sarcasm,0.066138156
short,528,1,0,1,B_sarcasm,0.5846785
short,529,1,0,1,B_sarcasm,0.22891921
short,530,0,0,0,,0.2531524
short,531,0,0,0,,0.114043176
short,532,0,0,0,,0.06890996
short,533,2,0,1,B_sarcasm,0.49215645
short,534,0,1,0,,0.2456475
short,535,1,0,1,B_sarcasm,0.23713163
short,536,1,1,0,,0.05481272
short,537,0,4,0,,0.14692213
short,538,1,1,0,,0.8942222
short,539,0,0,0,,0.18527293
short,540,0,0,0,,0.06818672
short,541,1,1,0,,0.101970874
short,542,1,1,0,,0.07807024
short,543,0,1,0,,0.49291956
short,544,0,1,0,,0.05848785
short,545,1,1,0,,0.40389672
short,546,1,0,1,B_sarcasm,0.040559135
short,547,0,1,0,,0.5269036
short,548,1,0,1,B_sarcasm,0.054813918
short,549,1,2,0,,0.95621157
short,550,0,0,0,,0.23103647
short,551,1,0,1,B_sarcasm,0.077045426
short,552,2,0,1,B_sarcasm,0.66815835
short,553,0,1,0,,0.09792399
short,554,0,0,0,,0.21722792
short,555,1,1,0,,0.53942496
short,556,0,0,0,,0.18503271
short,557,0,0,0,,0.31705892
short,558,0,0,0,,0.7032662
short,559,0,0,0,,0.23046182
short,560,0,0,0,,0.08224118
short,561,0,1,0,,0.12348019
short,562,0,1,0,,0.7856374
short,563,0,0,0,,0.040338587
short,564,1,0,1,B_sarcasm,0.061856136
short,565,0,0,0,,0.34304836
short,566,0,1,0,,0.36771676
short,567,1,3,0,,0.13541456
short,568,0,1,0,,0.08584767
short,569,0,1,0,,0.080925964
short,570,0,0,0,,0.4639895
short,571,2,1,0,,0.45287925
short,572,0,0,0,,0.65399665
short,573,0,1,0,,0.1048913
short,574,1,2,0,,0.13453887
short,575,1,0,1,B_sarcasm,0.20675004
short,576,0,1,0,,0.45194483
short,577,0,0,0,,0.09668713
short,578,1,0,1,B_sarcasm,0.6226093
short,579,0,0,0,,0.25074753
short,580,1,1,0,,0.14039285
short,581,0,2,0,,0.36765122
short,582,0,0,0,,0.04060403
short,583,2,0,1,B_sarcasm,0.44095024
short,584,3,0,1,B_sarcasm,0.05184162
short,585,0,0,0,,0.09152893
short,586,0,1,0,,0.17744012
short,587,0,1,0,,0.31678477
short,588,0,1,0,,0.7315392
short,589,1,3,0,,0.54007846
short,590,0,0,0,,0.086612366
short,591,1,1,0,,0.3055481
short,592,2,1,0,,0.11208811
short,593,2,0,1,B_sarcasm,0.7867984
short,594,1,0,1,B_sarcasm,0.08277395
short,595,1,0,1,B_sarcasm,0.19067168
short,596,1,1,0,,0.044864673
short,597,0,1,0,,0.1275998
short,598,2,0,1,B_sarcasm,0.2420661
short,599,0,0,0,,0.11238439
short,600,0,0,0,,0.09164756
short,601,0,2,0,,0.45928532
short,602,0,0,0,,0.08614953
short,603,1,0,1,B_sarcasm,0.113315195
short,604,0,0,0,,0.17534226
short,605,2,1,0,,0.18001397
short,606,0,0,0,,0.30141455
short,607,0,0,0,,0.07136946
short,608,0,0,0,,0.13541947
short,609,1,2,0,,0.5306174
short,610,0,1,0,,0.04379831
short,611,0,0,0,,0.04418898
short,612,1,1,0,,0.06924465
short,613,2,2,0,,0.09386799
short,614,2,0,1,B_sarcasm,0.094459176
short,615,0,0,0,,0.0921892
short,616,2,0,1,B_sarcasm,0.9803816
short,617,0,0,0,,0.17274334
short,618,0,1,0,,0.5324758
short,619,0,1,0,,0.3014142
short,620,0,0,0,,0.06750954
short,621,1,0,1,B_sarcasm,0.075219974
short,622,1,1,0,,0.19370292
short,623,0,0,0,,0.17155439
short,624,0,0,0,,0.12531568
short,625,0,0,0,,0.92449796
short,626,0,1,0,,0.08089879
short,627,0,0,0,,0.046197824
short,628,0,1,0,,0.08702594
short,629,1,0,1,B_sarcasm,0.27158833
short,630,0,0,0,,0.03227337
short,631,0,1,0,,0.037103027
short,632,1,3,0,,0.106005065
short,633,0,0,0,,0.47036383
short,634,0,0,0,,0.3515959
short,635,3,1,0,,0.17267054
short,636,0,1,0,,0.2590081
short,637,0,0,0,,0.14953034
short,638,0,1,0,,0.07421401
short,639,0,0,0,,0.7351095
short,640,0,1,0,,0.21105516
short,641,1,2,0,,0.22287057
short,642,0,0,0,,0.09875884
short,643,1,0,1,B_sarcasm,0.5082164
short,644,1,0,1,B_sarcasm,0.260061
short,645,0,0,0,,0.043543246
short,646,0,0,0,,0.9157253
short,647,0,0,0,,0.08039326
short,648,1,0,1,B_sarcasm,0.6911392
short,649,0,0,0,,0.8311107
short,650,0,0,0,,0.55196613
short,651,0,1,0,,0.0840573
short,652,1,0,1,B_sarcasm,0.049339708
short,653,0,1,0,,0.2985353
short,654,1,0,1,B_sarcasm,0.06524412
short,655,0,0,0,,0.20410015
short,656,1,0,1,B_sarcasm,0.03637959
short,657,0,3,0,,0.7516775
short,658,0,0,0,,0.29951775
short,659,1,0,1,B_sarcasm,0.5113699
short,660,1,1,0,,0.95495963
short,661,0,1,0,,0.5477636
short,662,0,0,0,,0.42507717
short,663,0,0,0,,0.038434245
short,664,1,0,1,B_sarcasm,0.13646486
short,665,1,0,1,B_sarcasm,0.630106
short,666,4,1,0,,0.7441555
short,667,0,1,0,,0.29590923
short,668,2,0,1,B_sarcasm,0.26133323
short,669,0,0,0,,0.09350491
short,670,0,1,0,,0.25321612
short,671,2,1,0,,0.15909031
short,672,0,0,0,,0.13461271
short,673,1,0,1,B_sarcasm,0.08084016
short,674,0,0,0,,0.31111676
short,675,0,0,0,,0.06279114
short,676,0,0,0,,0.043496475
short,677,0,1,0,,0.04499579
short,678,0,2,0,,0.07317772
short,679,0,4,0,,0.13781281
short,680,1,2,0,,0.0556134
short,681,1,0,1,B_sarcasm,0.9548629
short,682,2,3,0,,0.052314606
short,683,1,2,0,,0.6809047
short,684,1,1,0,,0.2885651
short,685,1,1,0,,0.70848227
short,686,1,1,0,,0.2939106
short,687,1,0,1,B_sarcasm,0.034976743
short,688,1,0,1,B_sarcasm,0.118167095
short,689,0,2,0,,0.06553975
short,690,1,2,0,,0.17885512
short,691,1,3,0,,0.18629636
short,692,1,2,0,,0.09004413
short,693,0,2,0,,0.2944356
short,694,0,0,0,,0.09078028
short,695,1,0,1,B_sarcasm,0.06547476
short,696,0,1,0,,0.20204946
short,697,0,1,0,,0.55089873
short,698,0,1,0,,0.11587172
short,699,0,0,0,,0.07608026
short,700,2,0,1,B_sarcasm,0.2025352
short,701,1,1,0,,0.080297925
short,702,0,2,0,,0.07319781
short,703,0,0,0,,0.07949265
short,704,1,0,1,B_sarcasm,0.61091256
short,705,1,1,0,,0.35275328
short,706,1,1,0,,0.67495006
short,707,0,0,0,,0.21496706
short,708,0,0,0,,0.21421324
short,709,2,0,1,B_sarcasm,0.09280211
short,710,0,1,0,,0.4802229
short,711,1,0,1,B_sarcasm,0.027454732
short,712,0,1,0,,0.31979397
short,713,0,0,0,,0.07088459
short,714,0,2,0,,0.25840947
short,715,1,0,1,B_sarcasm,0.40012467
short,716,0,0,0,,0.31964913
short,717,0,0,0,,0.16639169
short,718,1,4,0,,0.10406462
short,719,1,0,1,B_sarcasm,0.11834433
short,720,0,2,0,,0.89349526
short,721,1,0,1,B_sarcasm,0.20530917
short,722,1,3,0,,0.8492053
short,723,0,0,0,,0.6145041
short,724,0,2,0,,0.789673
short,725,1,0,1,B_sarcasm,0.08369628
short,726,2,3,0,,0.4124831
short,727,0,1,0,,0.24010977
short,728,0,0,0,,0.18975389
short,729,0,0,0,,0.10243878
short,730,0,0,0,,0.41749713
short,731,0,0,0,,0.063979834
short,732,0,1,0,,0.07081271
short,733,0,1,0,,0.1808437
short,734,0,1,0,,0.08952698
short,735,1,0,1,B_sarcasm,0.20074409
short,736,1,0,1,B_sarcasm,0.21546134
short,737,0,1,0,,0.2313153
short,738,1,0,1,B_sarcasm,0.040750302
short,739,0,1,0,,0.3685995
short,740,0,0,0,,0.1775083
short,741,0,0,0,,0.17925373
short,742,0,0,0,,0.065771945
short,743,0,1,0,,0.09989936
short,744,1,1,0,,0.26061484
short,745,0,0,0,,0.07406984
short,746,0,2,0,,0.73208725
short,747,0,3,0,,0.041153245
short,748,1,1,0,,0.68177783
short,749,0,1,0,,0.08274168
short,750,1,1,0,,0.058898095
short,751,1,1,0,,0.07843918
short,752,0,0,0,,0.115061045
short,753,0,0,0,,0.06391624
short,754,1,0,1,B_sarcasm,0.16807377
short,755,0,1,0,,0.23093729
short,756,0,0,0,,0.08889611
short,757,0,0,0,,0.047493644
short,758,2,0,1,B_sarcasm,0.8833185
short,759,0,4,0,,0.052588876
short,760,1,0,1,B_sarcasm,0.03645557
short,761,1,0,1,B_sarcasm,0.18236198
short,762,0,1,0,,0.24683698
short,763,0,1,0,,0.04166734
short,764,2,0,1,B_sarcasm,0.960222
short,765,1,0,1,B_sarcasm,0.3702948
short,766,1,1,0,,0.25587016
short,767,0,1,0,,0.03530142
short,768,0,0,0,,0.42512578
short,769,1,0,1,B_sarcasm,0.78794163
short,770,0,0,0,,0.042749707
short,771,0,0,0,,0.03625576
short,772,0,0,0,,0.04061988
short,773,2,0,1,B_sarcasm,0.6685397
short,774,0,0,0,,0.09529771
short,775,0,1,0,,0.5111211
short,776,2,1,0,,0.18304321
short,777,0,2,0,,0.06943456
short,778,1,0,1,B_sarcasm,0.07325061
short,779,0,0,0,,0.098970816
short,780,0,0,0,,0.1369789
short,781,1,1,0,,0.1158911
short,782,1,0,1,B_sarcasm,0.72189254
short,783,1,1,0,,0.7374437
short,784,0,1,0,,0.07231434
short,785,0,0,0,,0.771166
short,786,1,0,1,B_sarcasm,0.10577857
short,787,2,0,1,B_sarcasm,0.8504257
short,788,0,1,0,,0.1614536
short,789,0,0,0,,0.5895613
short,790,0,2,0,,0.5744648
short,791,0,1,0,,0.123192064
short,792,0,0,0,,0.707625
short,793,0,1,0,,0.03695112
short,794,0,2,0,,0.049373407
short,795,2,0,1,B_sarcasm,0.24522972
short,796,1,0,1,B_sarcasm,0.6469643
short,797,0,1,0,,0.19052152
short,798,1,3,0,,0.039961055
short,799,0,1,0,,0.9298282
short,800,1,0,1,B_sarcasm,0.03208752
short,801,3,0,1,B_sarcasm,0.08489752
short,802,0,3,0,,0.067718305
short,803,0,0,0,,0.2501761
short,804,0,1,0,,0.17859237
short,805,0,3,0,,0.05837982
short,806,1,1,0,,0.030943127
short,807,1,3,0,,0.5085781
short,808,1,1,0,,0.51610005
short,809,0,1,0,,0.15978661
short,810,0,1,0,,0.09162262
short,811,0,0,0,,0.30249178
short,812,2,0,1,B_sarcasm,0.052659396
short,813,0,0,0,,0.2873835
short,814,0,1,0,,0.25198105
short,815,1,0,1,B_sarcasm,0.42625895
short,816,1,0,1,B_sarcasm,0.25818145
short,817,1,1,0,,0.14759845
short,818,0,0,0,,0.791074
short,819,0,0,0,,0.22324419
short,820,0,0,0,,0.54029816
short,821,2,0,1,B_sarcasm,0.20199944
short,822,1,0,1,B_sarcasm,0.03348566
short,823,0,1,0,,0.07384242
short,824,0,0,0,,0.2903994
short,825,0,1,0,,0.66950345
short,826,2,0,1,B_sarcasm,0.041777372
short,827,3,1,0,,0.30423492
short,828,0,0,0,,0.30079597
short,829,0,0,0,,0.11179949
short,830,2,0,1,B_sarcasm,0.63345486
short,831,0,1,0,,0.374985
short,832,1,3,0,,0.086026
short,833,0,0,0,,0.57474947
short,834,0,1,0,,0.86767185
short,835,0,1,0,,0.6665081
short,836,0,3,0,,0.09664632
short,837,0,0,0,,0.6406581
short,838,0,3,0,,0.46185315
short,839,0,0,0,,0.22971156
short,840,0,1,0,,0.20995657
short,841,1,0,1,B_sarcasm,0.4340028
short,842,0,1,0,,0.048826728
short,843,0,1,0,,0.81845754
short,844,1,1,0,,0.3610515
short,845,0,0,0,,0.24708827
short,846,1,0,1,B_sarcasm,0.17048617
short,847,0,0,0,,0.2317904
short,848,0,1,0,,0.778215
short,849,2,0,1,B_sarcasm,0.0512069
short,850,0,0,0,,0.39959607
short,851,0,1,0,,0.042986073
short,852,0,2,0,,0.10272226
short,853,0,0,0,,0.8270979
short,854,0,0,0,,0.58424866
short,855,0,0,0,,0.03768582
short,856,0,1,0,,0.32047656
short,857,0,0,0,,0.9589782
short,858,0,0,0,,0.36191875
short,859,1,1,0,,0.2430697
short,860,0,1,0,,0.23647615
short,861,1,0,1,B_sarcasm,0.03097801
short,862,0,2,0,,0.09007185
short,863,1,1,0,,0.06940683
short,864,0,0,0,,0.053912528
short,865,0,0,0,,0.09266895
short,866,0,0,0,,0.072973885
short,867,1,0,1,B_sarcasm,0.07362496
short,868,2,0,1,B_sarcasm,0.98187166
short,869,1,0,1,B_sarcasm,0.14819464
short,870,0,0,0,,0.1728726
short,871,0,1,0,,0.59009486
short,872,1,1,0,,0.4824334
short,873,0,0,0,,0.21630947
short,874,0,0,0,,0.7228601
short,875,0,2,0,,0.73141253
short,876,0,1,0,,0.6534023
short,877,0,1,0,,0.11062235
short,878,0,0,0,,0.042943824
short,879,0,0,0,,0.41957316
short,880,0,1,0,,0.20177105
short,881,0,1,0,,0.020131165
short,882,0,0,0,,0.48321494
short,883,0,0,0,,0.08543151
short,884,1,0,1,B_sarcasm,0.32080275
short,885,0,0,0,,0.13445817
short,886,0,0,0,,0.23623805
short,887,0,0,0,,0.1166391
short,888,0,1,0,,0.26740485
short,889,0,1,0,,0.32065237
short,890,3,1,0,,0.9468067
short,891,0,1,0,,0.109415606
short,892,0,2,0,,0.037982717
short,893,0,0,0,,0.024217686
short,894,0,2,0,,0.041121643
short,895,0,0,0,,0.048944924
short,896,1,0,1,B_sarcasm,0.1066939
short,897,0,0,0,,0.37541977
short,898,0,0,0,,0.6672818
short,899,1,0,1,B_sarcasm,0.59661794
short,900,1,4,0,,0.29099768
short,901,1,2,0,,0.5801977
short,902,0,1,0,,0.1933564
short,903,0,3,0,,0.38936892
short,904,0,2,0,,0.47863147
short,905,0,0,0,,0.10554403
short,906,0,1,0,,0.62494326
short,907,1,0,1,B_sarcasm,0.067720674
long,0,1,0,0,,0.054014422
long,1,0,0,0,,0.34018257
long,2,1,0,0,,0.14881173
long,3,2,0,0,,0.1257574
long,4,1,1,0,,0.1762895
long,5,2,1,0,,0.16344199
long,6,0,1,1,A_joking_complaint,0.14933279
long,7,0,0,0,,0.052981205
long,8,0,0,0,,0.1846159
long,9,0,0,0,,0.8469486
long,10,2,0,0,,0.08947724
long,11,0,0,0,,0.88359284
long,12,2,0,0,,0.8932774
long,13,0,0,0,,0.22354539
long,14,0,0,0,,0.2700327
long,15,0,0,0,,0.1891841
long,16,2,1,0,,0.41783807
long,17,1,0,0,,0.5803584
long,18,1,0,0,,0.9585979
long,19,0,0,0,,0.061242905
long,20,1,0,0,,0.06307056
long,21,1,0,0,,0.08093281
long,22,0,0,0,,0.25343114
long,23,1,0,0,,0.5074035
long,24,0,2,1,A_joking_complaint,0.13075835
long,25,0,1,1,A_joking_complaint,0.06807049
long,26,2,0,0,,0.07620171
long,27,0,0,0,,0.09177279
long,28,0,1,1,A_joking_complaint,0.09603516
long,29,1,0,0,,0.060270663
long,30,2,0,0,,0.38586015
long,31,0,0,0,,0.12811507
long,32,2,0,0,,0.2789077
long,33,1,0,0,,0.095788114
long,34,0,0,0,,0.86906767
long,35,0,0,0,,0.75854737
long,36,1,0,0,,0.73143554
long,37,3,0,0,,0.27690703
long,38,1,0,0,,0.8315515
long,39,0,0,0,,0.5030355
long,40,1,0,0,,0.072245605
long,41,2,2,0,,0.43551695
long,42,2,1,0,,0.36766362
long,43,1,0,0,,0.8980829
long,44,0,0,0,,0.14667845
long,45,0,0,0,,0.9459529
long,46,0,0,0,,0.086532466
long,47,0,2,1,A_joking_complaint,0.44141445
long,48,1,0,0,,0.74006444
long,49,3,0,0,,0.96586466
long,50,1,0,0,,0.057135426
long,51,1,0,0,,0.102015816
long,52,1,0,0,,0.4003498
long,53,1,1,0,,0.79341733
long,54,2,0,0,,0.77745414
long,55,3,1,0,,0.18540294
long,56,0,1,1,A_joking_complaint,0.8555947
long,57,3,0,0,,0.91442883
long,58,0,0,0,,0.23388825
long,59,1,1,0,,0.05483433
long,60,0,0,0,,0.7978413
long,61,0,0,0,,0.16761032
long,62,1,0,0,,0.833125
long,63,1,0,0,,0.86398745
long,64,3,0,0,,0.47705424
long,65,0,2,1,A_joking_complaint,0.4089209
long,66,1,0,0,,0.5931222
long,67,0,0,0,,0.079245955
long,68,0,1,1,A_joking_complaint,0.13394369
long,69,3,1,0,,0.1890331
long,70,2,0,0,,0.03378678
long,71,0,0,0,,0.7900759
long,72,0,0,0,,0.050571613
long,73,1,0,0,,0.8179124
long,74,0,0,0,,0.16594474
long,75,1,0,0,,0.14731003
long,76,1,0,0,,0.9593378
long,77,0,4,1,A_joking_complaint,0.14203447
long,78,2,1,0,,0.11827649
long,79,0,0,0,,0.9133259
long,80,1,0,0,,0.97717947
long,81,0,0,0,,0.2668928
long,82,0,1,1,A_joking_complaint,0.7407065
long,83,1,0,0,,0.4300634
long,84,2,0,0,,0.97640705
long,85,1,0,0,,0.95666414
long,86,1,0,0,,0.14840543
long,87,2,0,0,,0.9292203
long,88,1,0,0,,0.14798035
long,89,0,0,0,,0.53816193
long,90,0,2,1,A_joking_complaint,0.16494137
long,91,0,1,1,A_joking_complaint,0.16983949
long,92,1,0,0,,0.6924825
long,93,1,0,0,,0.7626181
long,94,1,0,0,,0.35513672
long,95,0,0,0,,0.9333667
long,96,0,0,0,,0.16300078
long,97,0,1,1,A_joking_complaint,0.115815885
long,98,0,2,1,A_joking_complaint,0.5045154
long,99,2,0,0,,0.324596
long,100,0,1,1,A_joking_complaint,0.025358614
long,101,0,2,1,A_joking_complaint,0.17221524
long,102,2,0,0,,0.5407257
long,103,0,0,0,,0.111692235
long,104,0,0,0,,0.21658045
long,105,1,2,0,,0.8984438
long,106,0,0,0,,0.07424213
long,107,0,0,0,,0.30116928
long,108,0,0,0,,0.47534063
long,109,0,0,0,,0.7550974
long,110,2,0,0,,0.2722602
long,111,1,0,0,,0.20021932
long,112,0,0,0,,0.29060292
long,113,1,0,0,,0.46594185
long,114,0,1,1,A_joking_complaint,0.28684932
long,115,0,0,0,,0.03289372
long,116,1,0,0,,0.48615113
long,117,0,1,1,A_joking_complaint,0.1515852
long,118,0,0,0,,0.105888136
long,119,0,0,0,,0.14611714
long,120,1,1,0,,0.39443037
long,121,3,0,0,,0.14450002
long,122,1,0,0,,0.97623414
long,123,2,1,0,,0.3657537
long,124,1,0,0,,0.0844221
long,125,1,1,0,,0.78574455
long,126,1,1,0,,0.09764342
long,127,1,1,0,,0.09845375
long,128,1,0,0,,0.106917895
long,129,1,1,0,,0.7018274
long,130,0,0,0,,0.46956772
long,131,2,0,0,,0.16963765
long,132,0,0,0,,0.20865782
long,133,1,0,0,,0.3863022
long,134,0,0,0,,0.44993013
long,135,2,0,0,,0.08627166
long,136,2,0,0,,0.24770617
long,137,1,0,0,,0.11492925
long,138,0,1,1,A_joking_complaint,0.08134446
long,139,0,0,0,,0.6427471
long,140,1,0,0,,0.72214407
long,141,0,0,0,,0.13067614
long,142,2,0,0,,0.1666454
long,143,1,0,0,,0.21714398
long,144,2,0,0,,0.39472163
long,145,2,1,0,,0.61843795
long,146,2,0,0,,0.748304
long,147,0,1,1,A_joking_complaint,0.085204564
long,148,0,5,1,A_joking_complaint,0.27922487
long,149,0,0,0,,0.5243128
long,150,1,0,0,,0.8205231
long,151,0,0,0,,0.7907856
long,152,0,0,0,,0.17393662
long,153,0,0,0,,0.047533303
long,154,0,0,0,,0.021042988
long,155,0,2,1,A_joking_complaint,0.22804576
long,156,2,0,0,,0.2142935
long,157,0,0,0,,0.088722356
long,158,2,0,0,,0.19551182
long,159,0,0,0,,0.13336065
long,160,1,2,0,,0.07862667
long,161,1,1,0,,0.49487206
long,162,1,0,0,,0.38610166
long,163,0,0,0,,0.22839022
long,164,0,0,0,,0.0872254
long,165,1,0,0,,0.13952911
long,166,0,0,0,,0.12832835
long,167,1,0,0,,0.17396548
long,168,0,1,1,A_joking_complaint,0.359943
long,169,2,0,0,,0.02639391
long,170,2,0,0,,0.558264
long,171,1,0,0,,0.66532266
long,172,2,1,0,,0.24171984
long,173,0,0,0,,0.35242867
long,174,1,0,0,,0.34906018
long,175,0,1,1,A_joking_complaint,0.104989916
long,176,0,1,1,A_joking_complaint,0.58794457
long,177,4,0,0,,0.88264745
long,178,1,0,0,,0.9324596
long,179,0,0,0,,0.040397696
long,180,1,0,0,,0.97397286
long,181,0,0,0,,0.053953737
long,182,1,1,0,,0.3239579
long,183,0,0,0,,0.6534657
long,184,2,1,0,,0.85762125
long,185,3,1,0,,0.04326952
long,186,0,0,0,,0.39204672
long,187,0,0,0,,0.02538473
long,188,1,0,0,,0.11477162
long,189,1,0,0,,0.04266655
long,190,2,0,0,,0.8140535
long,191,1,1,0,,0.3891033
long,192,2,0,0,,0.089283265
long,193,1,0,0,,0.106639236
long,194,1,0,0,,0.2336306
long,195,0,0,0,,0.06433374
long,196,4,0,0,,0.08198893
long,197,0,2,1,A_joking_complaint,0.39294678
long,198,0,0,0,,0.30136964
long,199,1,0,0,,0.32742995
long,200,3,0,0,,0.31815678
long,201,3,1,0,,0.17906035
long,202,0,0,0,,0.3860593
long,203,0,0,0,,0.33213773
long,204,2,0,0,,0.80011314
long,205,1,0,0,,0.17060195
long,206,0,0,0,,0.44309652
long,207,1,0,0,,0.2647007
long,208,3,0,0,,0.13338947
long,209,0,1,1,A_joking_complaint,0.06204624
long,210,1,0,0,,0.49101943
long,211,0,0,0,,0.03480043
long,212,0,0,0,,0.09112743
long,213,3,0,0,,0.4623932
long,214,1,0,0,,0.44158915
long,215,1,0,0,,0.85272974
long,216,2,0,0,,0.59376216
long,217,0,1,1,A_joking_complaint,0.3716488
long,218,1,0,0,,0.13306846
long,219,0,1,1,A_joking_complaint,0.0563547
long,220,1,0,0,,0.20266843
long,221,0,0,0,,0.71881914
long,222,0,0,0,,0.0810365
long,223,0,0,0,,0.10969901
long,224,3,0,0,,0.055610895
long,225,0,1,1,A_joking_complaint,0.9447433
long,226,1,0,0,,0.29057842
long,227,1,2,0,,0.117595315
long,228,1,1,0,,0.07972696
long,229,2,1,0,,0.70687455
long,230,0,0,0,,0.38818914
long,231,1,0,0,,0.0989852
long,232,0,0,0,,0.043288536
long,233,3,0,0,,0.1947065
long,234,4,0,0,,0.32100782
long,235,1,0,0,,0.94061184
long,236,1,2,0,,0.037000157
long,237,2,0,0,,0.5665892
long,238,1,0,0,,0.81336117
long,239,0,0,0,,0.04599179
long,240,2,0,0,,0.8970078
long,241,0,0,0,,0.3122604
long,242,1,0,0,,0.15160954
long,243,1,0,0,,0.7491648
long,244,0,1,1,A_joking_complaint,0.48677298
long,245,0,0,0,,0.26193827
long,246,0,0,0,,0.25972232
long,247,1,0,0,,0.06503322
long,248,1,0,0,,0.110726304
long,249,2,0,0,,0.99065346
long,250,0,0,0,,0.85520464
long,251,0,0,0,,0.81111616
long,252,0,0,0,,0.065362915
long,253,1,0,0,,0.023337916
long,254,0,0,0,,0.1281967
long,255,1,0,0,,0.44225544
long,256,1,0,0,,0.9024807
long,257,0,3,1,A_joking_complaint,0.86394936
long,258,1,0,0,,0.0876343
long,259,1,0,0,,0.268421
long,260,2,1,0,,0.05960865
long,261,0,0,0,,0.11143709
long,262,2,1,0,,0.24157718
long,263,1,0,0,,0.9811288
long,264,0,2,1,A_joking_complaint,0.051103864
long,265,2,0,0,,0.16275997
long,266,2,0,0,,0.9443702
long,267,2,0,0,,0.3846022
long,268,1,0,0,,0.909617
long,269,0,0,0,,0.5054131
long,270,0,0,0,,0.45628306
long,271,2,0,0,,0.5821436
long,272,2,0,0,,0.085766986
long,273,3,0,0,,0.82557815
long,274,1,0,0,,0.03190224
long,275,0,1,1,A_joking_complaint,0.1545437
long,276,0,1,1,A_joking_complaint,0.9519728
long,277,1,0,0,,0.911705
long,278,2,0,0,,0.06651477
long,279,1,3,0,,0.111024894
long,280,3,0,0,,0.80329245
long,281,3,0,0,,0.58005655
long,282,1,1,0,,0.6196168
long,283,0,2,1,A_joking_complaint,0.12905636
long,284,1,0,0,,0.05761779
long,285,0,1,1,A_joking_complaint,0.06605107
long,286,2,0,0,,0.13942197
long,287,1,0,0,,0.81771815
long,288,1,1,0,,0.036500584
long,289,0,1,1,A_joking_complaint,0.057512555
long,290,0,0,0,,0.40161806
long,291,1,1,0,,0.105228156
long,292,0,0,0,,0.15394321
long,293,0,0,0,,0.03323454
long,294,0,2,1,A_joking_complaint,0.28589576
long,295,1,0,0,,0.6053983
long,296,1,0,0,,0.9269688
long,297,1,2,0,,0.18541318
long,298,1,0,0,,0.2220077
long,299,2,2,0,,0.6788897
long,300,1,0,0,,0.3121239
long,301,0,0,0,,0.0842145
long,302,1,0,0,,0.03585187
long,303,1,0,0,,0.08118802
long,304,1,0,0,,0.48502618
long,305,1,0,0,,0.08439702
long,306,0,0,0,,0.07003574
long,307,1,0,0,,0.031713657
long,308,0,0,0,,0.5498762
long,309,0,0,0,,0.29860413
long,310,0,0,0,,0.53932333
long,311,1,0,0,,0.2993784
long,312,0,0,0,,0.28423283
long,313,0,0,0,,0.13562344
long,314,1,1,0,,0.2921155
long,315,1,0,0,,0.41973463
long,316,0,1,1,A_joking_complaint,0.50124097
long,317,0,0,0,,0.12488612
long,318,0,0,0,,0.961458
long,319,2,1,0,,0.59021
long,320,1,0,0,,0.9124476
long,321,0,0,0,,0.029551256
long,322,0,0,0,,0.09782292
long,323,1,0,0,,0.08526279
long,324,1,0,0,,0.0770146
long,325,1,0,0,,0.65880644
long,326,1,1,0,,0.28915358
long,327,0,1,1,A_joking_complaint,0.37344578
long,328,2,1,0,,0.13280204
long,329,1,2,0,,0.026250727
long,330,0,0,0,,0.7972257
long,331,0,0,0,,0.09272517
long,332,3,0,0,,0.36690238
long,333,0,1,1,A_joking_complaint,0.2988031
long,334,0,0,0,,0.25535354
long,335,1,0,0,,0.09077837
long,336,0,0,0,,0.10134239
long,337,1,0,0,,0.11121701
long,338,2,0,0,,0.6592809
long,339,0,0,0,,0.14790714
long,340,0,0,0,,0.5278436
long,341,2,1,0,,0.1422624
long,342,3,0,0,,0.38811228
long,343,0,0,0,,0.8315419
long,344,0,0,0,,0.5607308
long,345,4,0,0,,0.9625845
long,346,2,0,0,,0.86844677
long,347,1,1,0,,0.5708457
long,348,1,0,0,,0.07605014
long,349,1,0,0,,0.66917515
long,350,2,0,0,,0.5706327
long,351,1,0,0,,0.23991042
long,352,0,0,0,,0.029742034
long,353,0,1,1,A_joking_complaint,0.52066153
long,354,2,0,0,,0.0821886
long,355,1,1,0,,0.17839329
long,356,0,0,0,,0.44232094
long,357,0,0,0,,0.6358236
long,358,2,0,0,,0.61558014
long,359,1,0,0,,0.37377837
long,360,0,0,0,,0.15150568
long,361,1,2,0,,0.23214442
long,362,0,0,0,,0.048894595
long,363,0,0,0,,0.06478895
long,364,0,2,1,A_joking_complaint,0.13537705
long,365,1,0,0,,0.2660958
long,366,0,0,0,,0.04483493
long,367,1,0,0,,0.39721572
long,368,1,0,0,,0.96438485
long,369,1,0,0,,0.1479736
long,370,0,1,1,A_joking_complaint,0.51697254
long,371,4,0,0,,0.48069453
long,372,1,0,0,,0.1926677
long,373,1,0,0,,0.82896644
long,374,2,1,0,,0.63298
long,375,2,0,0,,0.8766898
long,376,2,0,0,,0.36964637
long,377,0,0,0,,0.09530069
long,378,0,0,0,,0.45007324
long,379,0,0,0,,0.030352823
long,380,0,0,0,,0.18323644
long,381,1,1,0,,0.07132377
long,382,1,0,0,,0.9298855
long,383,0,0,0,,0.29281148
long,384,2,0,0,,0.1524793
long,385,0,0,0,,0.07804767
long,386,0,3,1,A_joking_complaint,0.21481512
long,387,1,0,0,,0.8119151
long,388,1,1,0,,0.78937477
long,389,0,0,0,,0.09607694
long,390,0,0,0,,0.22207558
long,391,1,0,0,,0.47462153
long,392,0,1,1,A_joking_complaint,0.22286691
long,393,2,0,0,,0.20725931
long,394,2,0,0,,0.16289178
long,395,1,0,0,,0.34843776
long,396,2,0,0,,0.07003867
long,397,2,0,0,,0.9433436
long,398,2,0,0,,0.58522975
long,399,1,0,0,,0.67484826
long,400,0,0,0,,0.6649298
long,401,1,1,0,,0.03725904
long,402,2,0,0,,0.60268843
long,403,0,1,1,A_joking_complaint,0.37325335
long,404,3,0,0,,0.94373643
long,405,0,0,0,,0.2590011
long,406,2,0,0,,0.97487646
long,407,1,0,0,,0.0852898
long,408,0,1,1,A_joking_complaint,0.058087263
long,409,0,0,0,,0.3262682
long,410,0,1,1,A_joking_complaint,0.04316004
long,411,0,0,0,,0.25068986
long,412,2,1,0,,0.9267402
long,413,0,0,0,,0.057853304
long,414,0,0,0,,0.2618431
long,415,0,0,0,,0.1130898
long,416,0,0,0,,0.28203005
long,417,1,1,0,,0.3447817
long,418,0,1,1,A_joking_complaint,0.53006107
long,419,0,0,0,,0.17310312
long,420,2,1,0,,0.9043857
long,421,3,1,0,,0.28826097
long,422,1,0,0,,0.8493116
long,423,1,1,0,,0.055692412
long,424,1,0,0,,0.69320565
long,425,1,1,0,,0.8793294
long,426,1,0,0,,0.060092602
long,427,0,0,0,,0.19243209
long,428,0,0,0,,0.14053679
long,429,3,0,0,,0.72324824
long,430,3,1,0,,0.5946134
long,431,2,0,0,,0.2413374
long,432,2,0,0,,0.9408446
long,433,4,0,0,,0.9429122
long,434,0,0,0,,0.09935149
long,435,0,0,0,,0.09380033
long,436,1,0,0,,0.13208903
long,437,1,0,0,,0.61914384
long,438,0,0,0,,0.51878744
long,439,1,0,0,,0.16754474
long,440,0,0,0,,0.98457474
long,441,1,0,0,,0.14625874
long,442,0,0,0,,0.101108134
long,443,1,0,0,,0.2311508
long,444,1,0,0,,0.37635538
long,445,1,0,0,,0.4716813
long,446,0,0,0,,0.059056688
long,447,1,2,0,,0.17669344
long,448,0,0,0,,0.0531983
long,449,0,0,0,,0.06282167
long,450,1,0,0,,0.08551123
long,451,1,0,0,,0.2552512
long,452,2,0,0,,0.05542677
long,453,1,0,0,,0.7306862
long,454,1,2,0,,0.3279273
long,455,0,1,0,,0.2787866
long,456,1,0,1,B_sarcasm,0.065550834
long,457,0,0,0,,0.32655704
long,458,0,1,0,,0.34511653
long,459,0,0,0,,0.45428446
long,460,1,0,1,B_sarcasm,0.12068689
long,461,1,1,0,,0.046459887
long,462,0,1,0,,0.21993098
long,463,1,3,0,,0.76300836
long,464,0,2,0,,0.39710233
long,465,1,1,0,,0.33398414
long,466,0,1,0,,0.6060467
long,467,0,0,0,,0.16793513
long,468,1,0,1,B_sarcasm,0.6706957
long,469,1,0,1,B_sarcasm,0.32220104
long,470,0,2,0,,0.2546187
long,471,0,0,0,,0.2048008
long,472,1,1,0,,0.24752742
long,473,2,0,1,B_sarcasm,0.437017
long,474,0,1,0,,0.27959177
long,475,0,0,0,,0.057981364
long,476,0,2,0,,0.16529858
long,477,1,0,1,B_sarcasm,0.045527346
long,478,1,0,1,B_sarcasm,0.043890074
long,479,0,1,0,,0.62311286
long,480,0,0,0,,0.050961893
long,481,0,0,0,,0.5833444
long,482,0,0,0,,0.25822684
long,483,1,0,1,B_sarcasm,0.8633395
long,484,0,0,0,,0.19519047
long,485,1,0,1,B_sarcasm,0.029914284
long,486,1,1,0,,0.44879714
long,487,3,0,1,B_sarcasm,0.21503657
long,488,0,1,0,,0.1420836
long,489,2,1,0,,0.69336855
long,490,0,1,0,,0.88470423
long,491,0,1,0,,0.07272076
long,492,0,2,0,,0.034069736
long,493,1,1,0,,0.8401459
long,494,0,0,0,,0.97240597
long,495,1,2,0,,0.14402266
long,496,3,0,1,B_sarcasm,0.050220307
long,497,1,0,1,B_sarcasm,0.12823613
long,498,0,1,0,,0.04992641
long,499,0,1,0,,0.12649922
long,500,1,1,0,,0.25376466
long,501,0,1,0,,0.033338528
long,502,0,1,0,,0.1133058
long,503,0,1,0,,0.15137364
long,504,0,0,0,,0.83910185
long,505,0,0,0,,0.040568065
long,506,0,0,0,,0.15650421
long,507,0,0,0,,0.6159858
long,508,0,0,0,,0.18907642
long,509,0,0,0,,0.08624712
long,510,1,0,1,B_sarcasm,0.24348232
long,511,0,0,0,,0.061979167
long,512,0,3,0,,0.11440011
long,513,0,2,0,,0.23345591
long,514,2,1,0,,0.10817993
long,515,3,0,1,B_sarcasm,0.45712736
long,516,0,0,0,,0.6077667
long,517,0,0,0,,0.31917062
long,518,0,0,0,,0.20350079
long,519,0,0,0,,0.08220293
long,520,0,2,0,,0.058818918
long,521,1,1,0,,0.33222845
long,522,0,0,0,,0.21709414
long,523,0,0,0,,0.61320204
long,524,0,0,0,,0.17730404
long,525,1,0,1,B_sarcasm,0.46362215
long,526,3,0,1,B_sarcasm,0.058898702
long,527,0,0,0,,0.030579245
long,528,6,0,1,B_sarcasm,0.4806655
long,529,1,2,0,,0.2870081
long,530,0,4,0,,0.14696105
long,531,2,2,0,,0.6985953
long,532,0,1,0,,0.7156591
long,533,2,1,0,,0.27047244
long,534,0,1,0,,0.11901014
long,535,1,1,0,,0.06490174
long,536,1,2,0,,0.17465134
long,537,0,0,0,,0.44755596
long,538,0,0,0,,0.1133597
long,539,1,2,0,,0.08223749
long,540,1,0,1,B_sarcasm,0.6562007
long,541,0,1,0,,0.5973203
long,542,4,0,1,B_sarcasm,0.05788276
long,543,1,0,1,B_sarcasm,0.11643684
long,544,0,1,0,,0.43329975
long,545,0,1,0,,0.074510366
long,546,1,0,1,B_sarcasm,0.3171493
long,547,1,2,0,,0.059079032
long,548,2,1,0,,0.12405797
long,549,1,2,0,,0.49072653
long,550,0,0,0,,0.3210685
long,551,1,1,0,,0.91146183
long,552,1,1,0,,0.8356665
long,553,0,0,0,,0.10976995
long,554,0,0,0,,0.64093304
long,555,2,0,1,B_sarcasm,0.578697
long,556,0,0,0,,0.32128632
long,557,1,0,1,B_sarcasm,0.36386132
long,558,0,1,0,,0.17525817
long,559,1,0,1,B_sarcasm,0.034025103
long,560,0,3,0,,0.08189885
long,561,2,1,0,,0.16174641
long,562,1,0,1,B_sarcasm,0.13484119
long,563,0,1,0,,0.3543987
long,564,1,1,0,,0.12038006
long,565,1,1,0,,0.08729516
long,566,0,0,0,,0.040266544
long,567,0,1,0,,0.2140636
long,568,2,1,0,,0.048820395
long,569,0,0,0,,0.05513595
long,570,1,1,0,,0.082793675
long,571,0,1,0,,0.1489303
long,572,1,2,0,,0.12124193
long,573,0,3,0,,0.43038175
long,574,1,2,0,,0.513526
long,575,0,0,0,,0.43106544
long,576,1,0,1,B_sarcasm,0.22399314
long,577,0,1,0,,0.28795406
long,578,0,0,0,,0.8273004
long,579,0,1,0,,0.05410833
long,580,0,1,0,,0.24108185
long,581,0,3,0,,0.5244294
long,582,0,0,0,,0.34517142
long,583,1,3,0,,0.64226973
long,584,0,2,0,,0.19353667
long,585,0,1,0,,0.06126893
long,586,0,0,0,,0.6854395
long,587,0,1,0,,0.41383278
long,588,0,1,0,,0.6105468
long,589,0,2,0,,0.30969268
long,590,1,0,1,B_sarcasm,0.66358376
long,591,0,0,0,,0.5149359
long,592,1,0,1,B_sarcasm,0.13912633
long,593,1,1,0,,0.40193573
long,594,0,1,0,,0.81135786
long,595,1,0,1,B_sarcasm,0.11435391
long,596,0,1,0,,0.14143313
long,597,1,0,1,B_sarcasm,0.028293665
long,598,0,1,0,,0.086987466
long,599,0,0,0,,0.31046325
long,600,0,0,0,,0.36793828
long,601,0,0,0,,0.13930826
long,602,0,0,0,,0.093004785
long,603,2,0,1,B_sarcasm,0.21038455
long,604,1,0,1,B_sarcasm,0.56902474
long,605,1,0,1,B_sarcasm,0.6308597
long,606,1,1,0,,0.26375413
long,607,1,0,1,B_sarcasm,0.1283537
long,608,0,1,0,,0.028415548
long,609,0,2,0,,0.15145771
long,610,0,1,0,,0.1510303
long,611,0,0,0,,0.13733299
long,612,2,1,0,,0.9164718
long,613,1,0,1,B_sarcasm,0.25221083
long,614,0,1,0,,0.31770098
long,615,0,1,0,,0.6386868
long,616,0,2,0,,0.3023491
long,617,0,0,0,,0.29372165
long,618,2,1,0,,0.109238744
long,619,0,0,0,,0.3365118
long,620,0,1,0,,0.6709941
long,621,0,1,0,,0.7260327
long,622,0,0,0,,0.15816568
long,623,1,0,1,B_sarcasm,0.6022524
long,624,0,0,0,,0.2055548
long,625,0,1,0,,0.05112549
long,626,0,1,0,,0.060558923
long,627,0,0,0,,0.18780851
long,628,0,1,0,,0.04965275
long,629,0,1,0,,0.20187005
long,630,0,0,0,,0.20136835
long,631,0,2,0,,0.03922465
long,632,1,2,0,,0.96155757
long,633,1,0,1,B_sarcasm,0.5400083
long,634,1,1,0,,0.31811878
long,635,1,1,0,,0.35045806
long,636,1,2,0,,0.7244032
long,637,0,3,0,,0.25847614
long,638,0,2,0,,0.38416472
long,639,1,2,0,,0.1659068
long,640,2,0,1,B_sarcasm,0.16698495
long,641,1,1,0,,0.29383472
long,642,0,0,0,,0.15821455
long,643,1,2,0,,0.021204904
long,644,1,0,1,B_sarcasm,0.47704908
long,645,0,1,0,,0.07226402
long,646,1,0,1,B_sarcasm,0.8961559
long,647,0,1,0,,0.19907664
long,648,1,1,0,,0.40414637
long,649,0,0,0,,0.30433568
long,650,0,1,0,,0.7205955
long,651,1,0,1,B_sarcasm,0.69088936
long,652,0,0,0,,0.7594486
long,653,0,0,0,,0.06341158
long,654,0,1,0,,0.37969458
long,655,0,1,0,,0.17977707
long,656,0,0,0,,0.19806187
long,657,0,1,0,,0.6593453
long,658,1,1,0,,0.51256675
long,659,0,1,0,,0.1545027
long,660,0,0,0,,0.14811295
long,661,2,0,1,B_sarcasm,0.25075766
long,662,0,2,0,,0.08731428
long,663,0,0,0,,0.22967504
long,664,1,2,0,,0.78068465
long,665,0,0,0,,0.16762048
long,666,0,1,0,,0.43729815
long,667,0,1,0,,0.41657114
long,668,2,0,1,B_sarcasm,0.389146
long,669,0,0,0,,0.28651854
long,670,0,0,0,,0.13429897
long,671,0,0,0,,0.17679258
long,672,0,1,0,,0.2341949
long,673,0,1,0,,0.122854844
long,674,0,1,0,,0.19673589
long,675,1,0,1,B_sarcasm,0.5569824
long,676,0,0,0,,0.21902935
long,677,1,1,0,,0.32244098
long,678,0,1,0,,0.13342448
long,679,0,0,0,,0.8761353
long,680,0,0,0,,0.6591134
long,681,0,0,0,,0.2866232
long,682,1,2,0,,0.05116524
long,683,0,0,0,,0.121451564
long,684,0,1,0,,0.8996854
long,685,1,1,0,,0.020751197
long,686,0,0,0,,0.05887959
long,687,0,0,0,,0.11053652
long,688,0,0,0,,0.20596015
long,689,2,0,1,B_sarcasm,0.6860575
long,690,1,0,1,B_sarcasm,0.53647935
long,691,1,0,1,B_sarcasm,0.08295844
long,692,0,0,0,,0.38202846
long,693,1,1,0,,0.74983156
long,694,0,1,0,,0.93979234
long,695,0,1,0,,0.16209988
long,696,0,2,0,,0.284382
long,697,1,0,1,B_sarcasm,0.13495958
long,698,0,0,0,,0.08945658
long,699,1,0,1,B_sarcasm,0.2674849
long,700,3,1,0,,0.24780788
long,701,1,1,0,,0.096932344
long,702,1,1,0,,0.11171394
long,703,0,0,0,,0.23219544
long,704,2,0,1,B_sarcasm,0.39781728
long,705,1,1,0,,0.42179886
long,706,0,1,0,,0.2282449
long,707,0,1,0,,0.25542828
long,708,0,0,0,,0.30780172
long,709,1,1,0,,0.74923444
long,710,0,1,0,,0.08226787
long,711,0,1,0,,0.049734183
long,712,1,3,0,,0.12057028
long,713,0,0,0,,0.17150955
long,714,0,2,0,,0.079358585
long,715,0,2,0,,0.0483134
long,716,0,1,0,,0.7370508
long,717,0,0,0,,0.5719353
long,718,0,2,0,,0.11093254
long,719,0,1,0,,0.45713985
long,720,0,0,0,,0.7108904
long,721,0,0,0,,0.085143335
long,722,1,1,0,,0.09502492
long,723,0,0,0,,0.566067
long,724,1,0,1,B_sarcasm,0.1868622
long,725,0,1,0,,0.28811023
long,726,0,0,0,,0.35856426
long,727,0,1,0,,0.5490651
long,728,0,0,0,,0.3605361
long,729,0,0,0,,0.22239928
long,730,0,3,0,,0.030135086
long,731,1,0,1,B_sarcasm,0.44062626
long,732,1,0,1,B_sarcasm,0.062074214
long,733,1,0,1,B_sarcasm,0.046654522
long,734,0,1,0,,0.067606114
long,735,2,0,1,B_sarcasm,0.5185381
long,736,0,0,0,,0.59856915
long,737,0,1,0,,0.4755757
long,738,0,2,0,,0.28692514
long,739,0,0,0,,0.45129207
long,740,0,1,0,,0.24504685
long,741,0,1,0,,0.16859691
long,742,0,1,0,,0.5245916
long,743,0,2,0,,0.4118734
long,744,1,1,0,,0.2578574
long,745,0,1,0,,0.03470396
long,746,0,0,0,,0.33753803
long,747,0,0,0,,0.53795755
long,748,0,2,0,,0.17332406
long,749,0,0,0,,0.4135416
long,750,0,1,0,,0.7317145
long,751,1,0,1,B_sarcasm,0.11766182
long,752,0,1,0,,0.058854572
long,753,0,1,0,,0.11752097
long,754,1,1,0,,0.25366575
long,755,1,0,1,B_sarcasm,0.06093853
long,756,1,0,1,B_sarcasm,0.08266572
long,757,0,0,0,,0.47810614
long,758,0,0,0,,0.116813935
long,759,1,1,0,,0.9023842
long,760,0,1,0,,0.2797315
long,761,0,5,0,,0.17765486
long,762,1,0,1,B_sarcasm,0.1005083
long,763,1,1,0,,0.20452131
long,764,1,0,1,B_sarcasm,0.063107535
long,765,0,0,0,,0.09748708
long,766,1,0,1,B_sarcasm,0.89783585
long,767,0,0,0,,0.03989254
long,768,1,0,1,B_sarcasm,0.12644622
long,769,0,2,0,,0.1175171
long,770,0,0,0,,0.22800681
long,771,1,0,1,B_sarcasm,0.67693394
long,772,0,0,0,,0.40234026
long,773,0,0,0,,0.10128933
long,774,0,1,0,,0.14344838
long,775,1,0,1,B_sarcasm,0.28968868
long,776,0,1,0,,0.55623585
long,777,0,0,0,,0.25254548
long,778,1,2,0,,0.44959813
long,779,1,1,0,,0.7881177
long,780,0,0,0,,0.75377136
long,781,1,2,0,,0.53191006
long,782,0,0,0,,0.44447145
long,783,1,1,0,,0.5930718
long,784,1,0,1,B_sarcasm,0.46321437
long,785,1,2,0,,0.10361419
long,786,0,1,0,,0.101171315
long,787,0,1,0,,0.5484982
long,788,0,1,0,,0.44738635
long,789,0,0,0,,0.359887
long,790,0,0,0,,0.18306535
long,791,0,1,0,,0.3802643
long,792,0,0,0,,0.24019691
long,793,1,1,0,,0.19462559
long,794,0,0,0,,0.28448948
long,795,0,1,0,,0.23439115
long,796,1,3,0,,0.0396349
long,797,1,1,0,,0.838428
long,798,2,1,0,,0.47951868
long,799,0,1,0,,0.543733
long,800,0,2,0,,0.76907647
long,801,0,0,0,,0.40654895
long,802,0,2,0,,0.13898881
long,803,1,0,1,B_sarcasm,0.22654702
long,804,0,0,0,,0.071936026
long,805,0,1,0,,0.12743683
long,806,0,1,0,,0.22473903
long,807,0,3,0,,0.085625835
long,808,1,0,1,B_sarcasm,0.05106244
long,809,0,1,0,,0.32213014
long,810,0,1,0,,0.1861356
long,811,1,0,1,B_sarcasm,0.40144545
long,812,1,0,1,B_sarcasm,0.11759705
long,813,0,0,0,,0.5491015
long,814,1,2,0,,0.076668724
long,815,1,0,1,B_sarcasm,0.1803582
long,816,1,1,0,,0.036332343
long,817,1,1,0,,0.35454375
long,818,0,2,0,,0.14968568
long,819,0,0,0,,0.7647566
long,820,1,2,0,,0.052397802
long,821,1,0,1,B_sarcasm,0.19474263
long,822,1,0,1,B_sarcasm,0.03780031
long,823,3,4,0,,0.08612531
long,824,0,1,0,,0.14614253
long,825,0,3,0,,0.061254293
long,826,1,1,0,,0.5640215
long,827,0,0,0,,0.17054522
long,828,0,0,0,,0.37450868
long,829,1,2,0,,0.4911064
long,830,0,0,0,,0.1020166
long,831,1,0,1,B_sarcasm,0.21196583
long,832,1,0,1,B_sarcasm,0.6526346
long,833,0,0,0,,0.71290505
long,834,0,2,0,,0.2743097
long,835,5,0,1,B_sarcasm,0.7925316
long,836,2,1,0,,0.5953061
long,837,0,0,0,,0.48824307
long,838,0,0,0,,0.92465746
long,839,1,0,1,B_sarcasm,0.966566
long,840,0,1,0,,0.16355437
long,841,0,1,0,,0.40631467
long,842,0,0,0,,0.06933989
long,843,0,0,0,,0.08049345
long,844,0,3,0,,0.1562087
long,845,1,0,1,B_sarcasm,0.4201158
long,846,1,1,0,,0.19473709
long,847,0,0,0,,0.055607576
long,848,1,0,1,B_sarcasm,0.23952089
long,849,0,1,0,,0.09803644
long,850,0,1,0,,0.6706599
long,851,1,3,0,,0.7011575
long,852,1,2,0,,0.33914608
long,853,0,0,0,,0.32223704
long,854,0,3,0,,0.11271064
long,855,0,1,0,,0.19005589
long,856,0,1,0,,0.22694853
long,857,1,2,0,,0.086489506
long,858,1,2,0,,0.054041132
long,859,0,3,0,,0.14946626
long,860,0,0,0,,0.51446074
long,861,1,1,0,,0.1509986
long,862,0,1,0,,0.10128336
long,863,0,0,0,,0.347657
long,864,0,2,0,,0.3143025
long,865,0,2,0,,0.39662364
long,866,0,2,0,,0.49830416
long,867,0,0,0,,0.08756848
long,868,1,1,0,,0.24228826
long,869,0,1,0,,0.097209595
long,870,0,1,0,,0.09939903
long,871,0,0,0,,0.5641679
long,872,1,0,1,B_sarcasm,0.047751628
long,873,0,0,0,,0.11685673
long,874,1,0,1,B_sarcasm,0.24074726
long,875,1,0,1,B_sarcasm,0.042734332
long,876,1,0,1,B_sarcasm,0.8777718
long,877,1,1,0,,0.67526853
long,878,0,0,0,,0.5909244
long,879,1,0,1,B_sarcasm,0.26750204
long,880,0,0,0,,0.096571565
long,881,0,0,0,,0.14981568
long,882,0,0,0,,0.58041936
long,883,1,0,1,B_sarcasm,0.1531471
long,884,1,1,0,,0.4805501
long,885,2,0,1,B_sarcasm,0.4510455
long,886,1,1,0,,0.0653972
long,887,0,1,0,,0.3467673
long,888,0,1,0,,0.31167293
long,889,0,1,0,,0.10709844
long,890,0,0,0,,0.14706971
long,891,0,4,0,,0.79827094
long,892,0,1,0,,0.87846786
long,893,0,2,0,,0.8228984
long,894,0,0,0,,0.26795146
long,895,1,0,1,B_sarcasm,0.6480736
long,896,0,1,0,,0.486803
long,897,0,0,0,,0.030624034
long,898,1,1,0,,0.28064337
long,899,0,2,0,,0.0941758
long,900,2,0,1,B_sarcasm,0.09126907
long,901,0,2,0,,0.7633139
long,902,0,0,0,,0.060669042
long,903,0,0,0,,0.10235161
long,904,0,2,0,,0.17605285
long,905,0,0,0,,0.81043553
long,906,1,2,0,,0.8863478
long,907,0,2,0,,0.2657335
